Stretch,,Slack,
Lateral Displacement,Heave,Lateral Displacement,Heave
217.7834504,6091.393206,214.8993695,6085.900401
219.7785143,6083.827021,215.1481761,6078.037882
221.3054457,6078.152447,215.3466074,6072.141047
222.8810251,6072.478238,215.5529498,6066.244322
224.7048728,6066.191939,215.8411833,6059.698099
226.7530282,6059.96643,216.3019085,6053.1627
228.8882203,6053.769663,216.9080812,6046.640982
231.0350579,6047.576237,217.6872495,6040.133107
233.1516985,6041.371712,218.5642798,6033.638563
235.215784,6035.148808,219.5243787,6027.156504
237.2160632,6028.904431,220.555397,6020.68594
239.1476047,6022.637819,221.6472637,6014.225854
241.0091043,6016.349446,222.7915178,6007.775252
242.8012695,6010.040402,223.9809155,6001.333182
244.5259358,6003.712045,225.2091125,5994.898738
246.1855082,5997.365811,226.4703927,5988.471042
247.7826339,5991.003113,227.7594497,5982.049215
249.3200359,5984.625289,229.0712828,5975.632404
250.8003944,5978.233588,230.4012203,5969.21978
252.2263022,5971.829154,231.7449446,5962.810551
253.6002276,5965.413038,233.098543,5956.403977
254.9245199,5958.986198,234.4585824,5949.999381
256.2014299,5952.549511,235.8221416,5943.596164
257.433094,5946.103781,237.1868837,5937.193814
258.6215725,5939.64974,238.5510624,5930.79191
259.7688339,5933.18806,239.913511,5924.390123
260.8783884,5926.719352,241.273609,5917.988214
261.9516445,5920.244173,242.631203,5911.586022
262.9887433,5913.763024,243.9864955,5905.183456
263.9928459,5907.27636,245.3399191,5898.780474
264.9664575,5900.78459,246.691996,5892.377064
265.9076942,5894.288084,248.043206,5885.973224
266.817956,5887.78718,249.3938809,5879.568943
267.6985745,5881.282187,250.7441052,5873.164184
268.5508338,5874.77339,252.0936844,5866.758871
269.3759681,5868.261059,253.4421061,5860.35288
270.1785377,5861.745443,254.7885541,5853.946039
270.9578651,5855.226775,256.1319487,5847.53813
271.7136738,5848.705267,257.4709794,5841.128894
272.4465754,5842.181117,258.8041848,5834.718043
273.1620833,5835.654506,260.1299935,5828.305272
273.8566353,5829.125598,261.4467959,5821.89027
274.5298324,5822.594543,262.7529742,5815.47273
275.1820052,5816.061477,264.0469641,5809.05236
275.8135255,5809.526524,265.3272708,5802.62889
276.4248424,5802.989799,266.592491,5796.202078
277.0164794,5796.451407,267.8413453,5789.771716
277.5890667,5789.911448,269.0726648,5783.337627
278.1433034,5783.370013,270.2853934,5776.89967
278.6799679,5776.827191,271.4785917,5770.45773
279.1998636,5770.283065,272.651416,5764.011727
279.7038228,5763.737712,273.8031197,5757.561604
280.1926642,5757.191207,274.9330459,5751.107327
280.6715779,5750.64362,276.0406067,5744.648887
281.1378127,5744.09502,277.1252839,5738.186286
281.5907567,5737.54547,278.1866097,5731.719545
282.0309572,5730.995032,279.2241526,5725.248693
282.4589383,5724.443765,280.2375075,5718.773769
282.8751891,5717.891723,281.2262823,5712.294816
283.2801516,5711.338958,282.1900869,5705.811882
283.6742369,5704.78552,283.1285368,5699.325017
284.0578201,5698.231453,284.0412535,5692.834278
284.4312554,5691.6768,284.92787,5686.339726
284.7948722,5685.121602,285.7880477,5679.841429
285.1489837,5678.565895,286.6214767,5673.339464
285.4938978,5672.009715,287.4278976,5666.833914
285.8299033,5665.453093,288.2071097,5660.324875
286.1572893,5658.89606,288.9589797,5653.812452
286.4763331,5652.338645,289.6834643,5647.296761
286.787316,5645.780871,290.3806034,5640.777927
287.0905026,5639.222764,291.0505353,5634.256086
287.3861596,5632.664345,291.6934883,5627.73138
287.6745313,5626.105632,292.3097819,5621.203957
287.9558653,5619.546645,292.8998227,5614.67397
288.2303869,5612.987398,293.4641042,5608.141571
288.4983233,5606.427907,294.0031839,5601.606916
288.7598903,5599.868185,294.5176772,5595.070156
289.0152871,5593.308243,295.0082449,5588.531441
289.2647136,5586.748093,295.4755702,5581.990912
289.5083495,5580.187744,295.9203474,5575.448706
289.7495849,5573.627206,296.3432777,5568.904951
289.9855298,5567.066485,296.7450442,5562.359767
290.2161847,5560.505591,297.1263095,5555.813267
290.4416681,5553.944528,297.4877152,5549.265556
290.6621012,5547.383304,297.8298727,5542.71673
290.8775862,5540.821924,298.1533747,5536.16688
291.0882298,5534.260395,298.4587857,5529.61609
291.2941268,5527.69872,298.7466506,5523.064437
291.4953664,5521.136905,299.0175019,5516.511996
291.6920403,5514.574954,299.2718653,5509.958833
291.8842309,5508.012873,299.5102585,5503.405014
292.0720192,5501.450665,299.7331988,5496.8506
292.2554821,5494.888335,299.9412043,5490.295645
292.4346876,5488.325887,300.134791,5483.740205
292.6097064,5481.763325,300.3144753,5477.184328
292.7805979,5475.200652,300.4831836,5470.628059
292.9474235,5468.637872,300.6456232,5464.071442
293.110233,5462.074989,300.7952485,5457.514515
293.2690743,5455.512006,300.9325146,5450.957314
293.4247522,5448.948926,301.0578613,5444.39987
293.5796609,5442.385752,301.1717222,5437.842214
293.7333514,5435.822487,301.2744996,5431.284371
293.8848149,5429.259133,301.3665793,5424.726366
294.0325229,5422.695695,301.4483243,5418.168221
294.1764879,5416.132172,301.5200697,5411.609955
294.3167266,5409.56857,301.582127,5405.051585
294.4532493,5403.004889,301.6347898,5398.49313
294.5860642,5396.441132,301.6823573,5391.934603
294.7151749,5389.877302,301.721978,5385.37602
294.8405835,5383.313399,301.7530234,5378.817393
294.9622833,5376.749427,301.7757177,5372.258735
295.08026,5370.185388,301.7902734,5365.700056
295.1945064,5363.621282,301.7968884,5359.141367
295.3050039,5357.057112,301.7957543,5352.582678
295.4117307,5350.49288,301.7870636,5346.023997
295.5146657,5343.928587,301.7710023,5339.465332
295.6137844,5337.364235,301.7477652,5332.906691
295.709055,5330.799826,301.7175549,5326.348079
295.8004473,5324.235361,301.6805795,5319.789502
295.8879282,5317.670843,301.6370465,5313.230965
295.9714594,5311.106273,301.5871697,5306.672473
296.0510087,5304.541653,301.5311664,5300.114029
296.126539,5297.976985,301.4692461,5293.555637
296.1980157,5291.41227,301.4016186,5286.9973
296.2654022,5284.847512,301.3284766,5280.439021
296.3286722,5278.282711,301.2500121,5273.880802
296.3877922,5271.717871,301.1663991,5267.322645
296.4427426,5265.152993,301.0778018,5260.764553
296.4935043,5258.58808,300.9843688,5254.206527
296.540057,5252.023134,300.8862378,5247.648569
296.5823971,5245.458158,300.7835407,5241.090679
296.6205132,5238.893155,300.6763915,5234.53286
296.6544069,5232.328126,300.5649088,5227.975112
296.6840783,5225.763076,300.4491986,5221.417434
296.7095363,5219.198006,300.3293692,5214.859828
296.7307916,5212.632919,300.2055328,5208.302294
296.7478547,5206.067818,300.0777968,5201.74483
296.760749,5199.502706,299.9462724,5195.187436
296.7694957,5192.937586,299.811083,5188.630111
296.774119,5186.37246,299.6723423,5182.072855
296.7746521,5179.807331,299.5301772,5175.515667
296.7711346,5173.242202,299.3847114,5168.958545
296.7636055,5166.677076,299.2360663,5162.401489
296.7521137,5160.111954,299.0843671,5155.844497
296.7367124,5153.54684,298.9297317,5149.287567
296.7174687,5146.981737,298.7722756,5142.7307
296.6944399,5140.416646,298.6121127,5136.173894
296.6677085,5133.851569,298.4493441,5129.617147
296.6373432,5127.286509,298.2840723,5123.06046
296.6034246,5120.721468,298.1163846,5116.503829
296.5660377,5114.156448,297.9463749,5109.947255
296.5252608,5107.591449,297.7741172,5103.390735
296.4811675,5101.026474,297.5996946,5096.83427
296.4338369,5094.461525,297.4231756,5090.277856
296.3833332,5087.896602,297.2446341,5083.721494
296.3297123,5081.331707,297.0641371,5077.165181
296.2730245,5074.76684,296.8817533,5070.608916
296.2133006,5068.202005,296.6975422,5064.052697
296.1505656,5061.637201,296.5115685,5057.496525
296.0848297,5055.07243,296.3238926,5050.940396
296.0160825,5048.507693,296.1345689,5044.38431
295.9443087,5041.942993,295.9436537,5037.828267
295.8694795,5035.37833,295.7512002,5031.272265
295.7915553,5028.813707,295.5572498,5024.716304
295.7105006,5022.249124,295.361852,5018.160383
295.6262656,5015.684585,295.1650394,5011.604503
295.5388083,5009.120091,294.9668509,5005.048662
295.4480868,5002.555644,294.7673114,4998.492862
295.3540617,4995.991246,294.566445,4991.937102
295.2567014,4989.426898,294.3642655,4985.381382
295.1559851,4982.862602,294.1607892,4978.825703
295.0518954,4976.298361,293.9560225,4972.270064
294.9444299,4969.734176,293.7499691,4965.714466
294.8335956,4963.170047,293.5426327,4959.15891
294.7194103,4956.605976,293.3340131,4952.603394
294.6019001,4950.041965,293.1241135,4946.04792
294.4810999,4943.478013,292.9129348,4939.492487
294.3570551,4936.914121,292.7004746,4932.937095
294.2298154,4930.35029,292.4867445,4926.381744
294.0994351,4923.78652,292.2717457,4919.826434
293.9659757,4917.22281,292.0554935,4913.271164
293.8294991,4910.659162,291.8379947,4906.715934
293.6900614,4904.095573,291.6192681,4900.160743
293.5477283,4897.532045,291.3993304,4893.605592
293.4025576,4890.968578,291.178198,4887.050479
293.2545992,4884.40517,290.9558908,4880.495404
293.1039066,4877.841823,290.7324334,4873.940366
292.950522,4871.278536,290.5078449,4867.385365
292.7944807,4864.71531,290.2821425,4860.830401
292.6358099,4858.152145,290.0553539,4854.275472
292.474533,4851.589042,289.8274929,4847.720579
292.3106591,4845.026002,289.5985803,4841.16572
292.1441938,4838.463026,289.368636,4834.610895
291.9751269,4831.900116,289.1376756,4828.056104
291.8034483,4825.337273,288.9057148,4821.501346
291.6291321,4818.774499,288.6727668,4814.946621
291.4521584,4812.211796,288.4388477,4808.391929
291.2724896,4805.649167,288.2039645,4801.837271
291.0900943,4799.086613,287.9681259,4795.282646
290.9049395,4792.524138,287.731341,4788.728055
290.716993,4785.961742,287.4936085,4782.1735
290.5262241,4779.399428,287.2549296,4775.618981
290.3326126,4772.837198,287.0152971,4769.0645
290.1361478,4766.275054,286.7747044,4762.510058
289.9368243,4759.712997,286.5331347,4755.955656
289.734654,4753.151028,286.2905709,4749.401296
289.5296588,4746.589146,286.0469902,4742.84698
289.3218755,4740.027354,285.8023687,4736.29271
289.1113536,4733.465649,285.5566784,4729.738485
288.8981596,4726.904031,285.3098925,4723.184309
288.6823622,4720.342499,285.0619812,4716.63018
288.4640507,4713.781051,284.8129211,4710.0761
288.2433147,4707.219685,284.5626894,4703.522069
288.0202555,4700.658399,284.3112681,4696.968086
287.7949747,4694.09719,284.0586531,4690.414151
287.5675772,4687.536056,283.8048378,4683.860263
287.3381621,4680.974994,283.5498306,4677.30642
287.1068299,4674.414001,283.2936425,4670.752622
286.8736729,4667.853074,283.0362989,4664.198868
286.6387713,4661.292213,282.777821,4657.645155
286.4022,4654.731414,282.5182451,4651.091483
286.1640252,4648.170675,282.2576045,4644.537851
285.9242911,4641.609996,281.9959333,4637.984257
285.6830386,4635.049375,281.7332652,4631.430702
285.4402946,4628.488812,281.4696269,4624.877185
285.1960731,4621.928307,281.2050485,4618.323706
284.9503805,4615.36786,280.9395442,4611.770265
284.7032109,4608.807471,280.6731268,4605.216862
284.4545481,4602.247141,280.4058017,4598.663498
284.2043753,4595.686871,280.1375676,4592.110173
283.9526637,4589.126663,279.8684173,4585.556886
283.6993899,4582.566519,279.5983396,4579.003639
283.4445176,4576.006439,279.3273228,4572.450431
283.1880208,4569.446425,279.0553564,4565.897263
282.9298644,4562.88648,278.7824278,4559.344134
282.6700201,4556.326604,278.5085309,4552.791045
282.408459,4549.766799,278.2336625,4546.237995
282.1451623,4543.207067,277.9578184,4539.684984
281.8801079,4536.647409,277.6810098,4533.132013
281.6132778,4530.087825,277.4032431,4526.579083
281.3446661,4523.528317,277.1245227,4520.026194
281.0742646,4516.968886,276.8448672,4513.473347
280.8020732,4510.409532,276.5642845,4506.920542
280.5280946,4503.850256,276.2827786,4500.367782
280.2523407,4497.291057,276.0003591,4493.815067
279.9748253,4490.731935,275.7170197,4487.2624
279.6955691,4484.172891,275.4327603,4480.709781
279.4145942,4477.613924,275.1475686,4474.157212
279.1319339,4471.055032,274.8614302,4467.604692
278.8476205,4464.496217,274.574331,4461.052224
278.5616927,4457.937475,274.2862502,4454.499806
278.2741989,4451.378807,273.9971774,4447.947439
277.9851873,4444.82021,273.7070955,4441.395121
277.6947112,4438.261682,273.4160005,4434.842851
277.4028315,4431.703223,273.123892,4428.290628
277.1096092,4425.144829,272.83078,4421.738449
276.8151168,4418.586497,272.5366746,4415.186313
276.5194216,4412.028226,272.2415991,4408.634218
276.2225995,4405.47001,271.9455867,4402.082162
275.9247282,4398.911848,271.6486713,4395.530144
275.6258815,4392.353734,271.3508869,4388.978161
275.32614,4385.795666,271.0522738,4382.426213
275.0255771,4379.237638,270.7528671,4375.874299
274.7242679,4372.679648,270.4527028,4369.322418
274.422282,4366.121691,270.1518071,4362.77057
274.1196847,4359.563764,269.8502067,4356.218757
273.8165316,4353.005863,269.5479124,4349.666977
273.5128815,4346.447986,269.2449317,4343.115231
273.20877,4339.890131,268.9412689,4336.56352
272.9042367,4333.332297,268.6369201,4330.011844
272.6020222,4326.774481,268.3318745,4323.460203
272.3042357,4320.216685,268.0261226,4316.908599
272.005901,4313.658907,267.7196485,4310.35703
271.7070515,4307.10115,267.4124466,4303.805496
271.4077168,4300.543413,267.1045032,4297.253999
271.1079075,4293.985699,266.7958164,4290.702536
270.8076234,4287.428008,266.487421,4284.151108
270.5068404,4280.870344,266.1784145,4277.599714
270.2055126,4274.312708,265.8687147,4271.048353
269.9035734,4267.755102,265.5583433,4264.497025
269.6009244,4261.197528,265.247311,4257.945728
269.2974621,4254.639989,264.93564,4251.394464
268.9930516,4248.082487,264.6233431,4244.84323
268.6875544,4241.525022,264.3104321,4238.292027
268.3808208,4234.967597,263.9969146,4231.740854
268.0726956,4228.410214,263.6827946,4225.189711
267.7630369,4221.852874,263.3680715,4218.638597
267.4517092,4215.295578,263.0527482,4212.087513
267.1385947,4208.738327,262.7368165,4205.536458
266.8235964,4202.181122,262.4202772,4198.985432
266.5066371,4195.623965,262.1031282,4192.434434
266.1876733,4189.066857,261.7853752,4185.883465
265.8666856,4182.509798,261.4670283,4179.332523
265.5436769,4175.95279,261.1481011,4172.781607
265.2186834,4169.395833,260.8286216,4166.230718
264.8917534,4162.83893,260.508617,4159.679853
264.5629578,4156.282082,260.188129,4153.129012
264.232374,4149.725289,259.8672018,4146.578194
263.9000951,4143.168554,259.5458847,4140.027397
263.5662079,4136.611877,259.2242296,4133.476619
263.2308042,4130.05526,258.9022889,4126.925859
262.893972,4123.498705,258.580112,4120.375115
262.5557868,4116.942212,258.257744,4113.824386
262.2163248,4110.385782,257.9352256,4107.273669
261.875641,4103.829416,257.6125864,4100.722963
261.5346962,4097.273116,257.2898483,4094.172267
261.1963529,4090.71688,256.9670219,4087.621579
260.8567769,4084.16071,256.6441083,4081.070898
260.5182188,4077.604605,256.3211014,4074.520224
260.180493,4071.048564,255.9979849,4067.969555
259.8415383,4064.492588,255.6747364,4061.41889
259.5013771,4057.936675,255.3513334,4054.868231
259.160033,4051.380824,255.0277485,4048.317575
258.8175325,4044.825035,254.703957,4041.766924
258.4739676,4038.269307,254.3799393,4035.216278
258.132461,4031.713637,254.0556807,4028.665635
257.7896624,4025.158027,253.7311709,4022.114998
257.4455636,4018.602474,253.40641,4015.564365
257.1001486,4012.046978,253.0814059,4009.013738
256.7534067,4005.491538,252.7561737,4002.463115
256.4053259,3998.936153,252.4320824,3995.912497
256.0558962,3992.380824,252.1087235,3989.361884
255.705111,3985.82555,251.7853418,3982.811277
255.352973,3979.27033,251.4619405,3976.260673
254.9994829,3972.715164,251.1385165,3969.710074
254.6446532,3966.160052,250.8150713,3963.15948
254.2884987,3959.604993,250.4916002,3956.608889
253.93104,3953.049988,250.1680964,3950.058301
253.5723072,3946.495034,249.8445548,3943.507717
253.2123285,3939.940132,249.5209647,3936.957136
252.8511479,3933.385281,249.1973167,3930.406558
252.4888044,3926.83048,248.8735957,3923.855984
252.1253446,3920.275727,248.5497931,3917.305412
251.7608192,3913.721022,248.2258928,3910.754845
251.3952801,3907.166362,247.9018856,3904.204282
251.0313045,3900.611747,247.5777601,3897.653724
250.6675795,3894.057175,247.2535096,3891.103171
250.3031846,3887.502644,246.9291291,3884.552624
249.9381518,3880.948153,246.604617,3878.002083
249.5725078,3874.3937,246.2799728,3871.451549
249.2062806,3867.839283,245.955202,3864.901022
248.8394972,3861.284903,245.6303115,3858.350504
248.472185,3854.730556,245.3053087,3851.799992
248.1043631,3848.176242,244.9802051,3845.249489
247.7360582,3841.621959,244.6550103,3838.698993
247.3672878,3835.067708,244.3297277,3832.148504
246.9980703,3828.513486,244.0043635,3825.598022
246.6284207,3821.959294,243.6789138,3819.047547
246.2583546,3815.405131,243.3533674,3812.497077
245.8878841,3808.850996,243.0277101,3805.946614
245.5170185,3802.296889,242.701912,3799.396156
245.1457699,3795.742809,242.3759376,3792.845704
244.7741411,3789.188758,242.049739,3786.295258
244.4021402,3782.634734,241.7232607,3779.744819
244.0297695,3776.080737,241.3964389,3773.194388
243.6570307,3769.526769,241.0692008,3766.643966
243.283923,3762.972828,240.7414726,3760.093557
242.9104425,3756.418917,240.4131787,3753.543162
242.5365845,3749.865034,240.084244,3746.992785
242.1623404,3743.311181,239.7545977,3740.442428
241.7877013,3736.757358,239.4241826,3733.892095
241.412652,3730.203566,239.0929459,3727.341789
241.0371781,3723.649807,238.7608574,3720.791515
240.6612617,3717.09608,238.4278988,3714.241274
240.2848861,3710.542388,238.094074,3707.69107
239.9080301,3703.988731,237.7594068,3701.140905
239.5306714,3697.43511,237.4239402,3694.59078
239.1527874,3690.881526,237.087741,3688.040696
238.7743597,3684.327981,236.7508901,3681.490653
238.3953645,3677.774475,236.4134895,3674.940651
238.015782,3671.22101,236.0756481,3668.390685
237.6355922,3664.667586,235.7374901,3661.840754
237.2547777,3658.114204,235.3991405,3655.290854
236.8733197,3651.560864,235.0607233,3648.740979
236.4912046,3645.007568,234.7223612,3642.191124
236.1084205,3638.454316,234.3841627,3635.641283
235.7249525,3631.901108,234.0462263,3629.091451
235.3407923,3625.347945,233.7086303,3622.541622
234.9559299,3618.794826,233.3714296,3615.991789
234.570358,3612.241752,233.0346574,3609.441948
234.1840686,3605.688724,232.6983195,3602.892094
233.7970563,3599.135741,232.3623967,3596.342224
233.4093133,3592.582803,232.0268428,3589.792336
233.0208349,3586.029911,231.6915849,3583.242428
232.6316165,3579.477064,231.3565292,3576.6925
232.2416513,3572.924264,231.0215624,3570.142555
231.8509354,3566.37151,230.6865549,3563.592595
231.4594641,3559.818803,230.3513666,3557.042623
231.0672342,3553.266143,230.0158481,3550.492645
230.6742403,3546.713529,229.6798544,3543.942666
230.2804816,3540.160964,229.34324,3537.392693
229.8859536,3533.608446,229.005873,3530.842733
229.4906568,3527.055975,228.6676372,3524.292793
229.0945896,3520.503553,228.328437,3517.74288
228.6977538,3513.95118,227.9882002,3511.193
228.3001499,3507.398854,227.646886,3504.643161
227.9017837,3500.846577,227.3044868,3498.093366
227.5026591,3494.294348,226.9610239,3491.543622
227.1027817,3487.742168,226.6165567,3484.993929
226.7021613,3481.190035,226.2711765,3478.44429
226.3008043,3474.63795,225.9250076,3471.894705
225.8987229,3468.085912,225.5782006,3465.345171
225.4959274,3461.533921,225.230929,3458.795686
225.0924311,3454.981976,224.883386,3452.246245
224.6882462,3448.430077,224.5357774,3445.696841
224.2833872,3441.878223,224.1883102,3439.147466
223.8778697,3435.326414,223.8411911,3432.598111
223.471709,3428.774648,223.4946142,3426.048768
223.0649199,3422.222924,223.1487553,3419.499425
222.6575221,3415.671243,222.8037652,3412.950073
222.2495335,3409.119602,222.4597629,3406.400701
221.8409688,3402.568002,222.1168321,3399.851302
221.4318512,3396.01644,221.7750122,3393.301867
221.022198,3389.464916,221.4343013,3386.752389
220.6120282,3382.913428,221.0946525,3380.202865
220.2013625,3376.361976,220.7559768,3373.65329
219.790221,3369.810558,220.4181424,3367.103665
219.3786221,3363.259174,220.0809793,3360.55399
218.966586,3356.707822,219.7442857,3354.00427
218.5541323,3350.156501,219.4078356,3347.45451
218.1412799,3343.605211,219.0713811,3340.904717
217.728048,3337.053949,218.7346662,3334.354901
217.3144541,3330.502715,218.3974324,3327.805071
216.9005153,3323.951509,218.059424,3321.255241
216.4862487,3317.400328,217.7204039,3314.705421
216.07167,3310.849174,217.3801532,3308.155625
215.6567936,3304.298044,217.0384861,3301.605865
215.2416316,3297.746938,216.6952508,3295.056153
214.826196,3291.195857,216.3503354,3288.5065
214.4104976,3284.644798,216.0036732,3281.956915
213.9945456,3278.093763,215.6552448,3275.407408
213.5783445,3271.54275,215.3070317,3268.857985
213.1619015,3264.99176,214.9589735,3262.308649
212.7452201,3258.440793,214.609168,3255.759404
212.3283019,3251.889848,214.2577003,3249.210248
211.9111478,3245.338926,213.9047017,3242.661178
211.4937585,3238.788026,213.5503363,3236.112188
211.0761329,3232.23715,213.1948097,3229.563272
210.658268,3225.686296,212.8383485,3223.014418
210.2401636,3219.135465,212.4812058,3216.465615
209.82182,3212.584657,212.1236451,3209.916849
209.4032376,3206.033872,211.7659337,3203.368106
208.984418,3199.48311,211.408337,3196.819368
208.5653659,3192.932369,211.0511068,3190.270622
208.1460925,3186.38165,210.6944774,3183.721851
207.7266067,3179.830951,210.3386539,3177.173041
207.3069261,3173.280271,209.9838103,3170.624178
206.8870715,3166.729608,209.6300779,3164.07525
206.4670687,3160.17896,209.2779337,3157.526248
206.0469478,3153.628326,208.9318595,3150.977164
205.6267464,3147.077701,208.5873851,3144.427994
205.2065035,3140.527084,208.2443918,3137.878735
204.7862663,3133.976471,207.9027159,3131.329387
204.3660839,3127.425859,207.5621506,3124.779956
203.9460082,3120.875243,207.2224546,3118.230445
203.5260955,3114.32462,206.8833544,3111.680864
203.106401,3107.773986,206.5445582,3105.131223
202.686982,3101.223337,206.2057569,3098.581534
202.2678933,3094.672669,205.8666323,3092.031811
201.84919,3088.121978,205.5268684,3085.482069
201.4309223,3081.571261,205.1861583,3078.932324
201.013136,3075.020515,204.8442045,3072.382591
200.5958714,3068.469737,204.5007295,3065.832888
200.1791631,3061.918925,204.1554833,3059.28323
199.7630415,3055.368076,203.8082384,3052.733633
199.3475237,3048.81719,203.4588013,3046.184111
198.9326242,3042.266265,203.107011,3039.634678
198.5183485,3035.715301,202.7527386,3033.085346
198.1046944,3029.164298,202.3958871,3026.536126
197.6916541,3022.613257,202.0363931,3019.987027
197.2820102,3016.062179,201.6742218,3013.438057
196.8743315,3009.511065,201.3097364,3006.88922
196.466972,3002.959916,200.9477444,3000.340521
196.0598905,2996.408734,200.5837682,2993.791963
195.6530446,2989.857522,200.2167658,2987.243545
195.2464041,2983.306282,199.8467826,2980.695267
194.8399393,2976.755015,199.4738867,2974.147128
194.43363,2970.203722,199.0981622,2967.599124
194.0274648,2963.652407,198.7197083,2961.051253
193.6214404,2957.10107,198.3386347,2954.503509
193.2155632,2950.549712,197.9550554,2947.95589
192.8098473,2943.998335,197.5690897,2941.40839
192.404315,2937.446937,197.1808546,2934.861006
191.9989954,2930.89552,196.7904607,2928.313733
191.5939273,2924.344083,196.3980194,2921.766569
191.1891531,2917.792624,196.0036296,2915.219511
190.7850852,2911.241144,195.6073891,2908.672556
190.3862827,2904.689639,195.2093802,2902.125702
189.9881054,2898.138108,194.8096867,2895.578948
189.5905888,2891.586549,194.4083803,2889.032293
189.1937669,2885.034959,194.0101589,2882.485735
188.7976701,2878.483337,193.6130341,2875.939274
188.4023245,2871.931679,193.2145493,2869.39291
188.0077543,2865.379983,192.8147289,2862.846641
187.6139794,2858.828247,192.41359,2856.300467
187.2210156,2852.276468,192.0111474,2849.754386
186.8288741,2845.724645,191.6074159,2843.208398
186.4375639,2839.172775,191.2024135,2836.6625
186.0470903,2832.620857,190.7961558,2830.116691
185.657451,2826.06889,190.3886643,2823.570968
185.2686427,2819.516873,189.9799671,2817.025328
184.8806582,2812.964805,189.5700901,2810.479768
184.4934864,2806.412685,189.1590703,2803.934284
184.107111,2799.860514,188.7469471,2797.388873
183.7215156,2793.308292,188.3337652,2790.84353
183.3366763,2786.756019,187.9195722,2784.298251
182.9525719,2780.203696,187.5044222,2777.753032
182.5691751,2773.651324,187.0883677,2771.207868
182.1864566,2767.098904,186.6714642,2764.662753
181.8043873,2760.546437,186.2537681,2758.117685
181.4229352,2753.993924,185.8353348,2751.572657
181.0420704,2747.441368,185.4162156,2745.027667
180.6617578,2740.888768,184.9964586,2738.482711
180.2819705,2734.336127,184.5761085,2731.937784
179.9026763,2727.783446,184.1552076,2725.392884
179.5238518,2721.230726,183.7337867,2718.848009
179.1454691,2714.67797,183.3118762,2712.303155
178.767509,2708.125178,182.8894996,2705.758322
178.3899528,2701.572352,182.4666691,2699.213509
178.0127868,2695.019493,182.0433987,2692.668714
177.6359968,2688.466602,181.6196908,2686.123939
177.259577,2681.91368,181.1955457,2679.579183
176.8835229,2675.360729,180.7709593,2673.034448
176.5078309,2668.80775,180.3459234,2666.489734
176.1325025,2662.254743,179.9204301,2659.945043
175.7575402,2655.70171,179.4944665,2653.400376
175.3829452,2649.148651,179.0680242,2646.855736
175.0087254,2642.595566,178.641093,2640.311124
174.6348844,2636.042457,178.2136632,2633.76654
174.2614283,2629.489323,177.7857303,2627.221987
173.8883612,2622.936166,177.3572923,2620.677465
173.5156879,2616.382985,176.9283501,2614.132975
173.1434116,2609.82978,176.4989087,2607.588517
172.7715336,2603.276553,176.0689775,2601.044091
172.4000555,2596.723302,175.6385691,2594.499695
172.0289721,2590.170028,175.2076982,2587.955331
171.6582848,2583.616731,174.7763833,2581.410996
171.2879861,2577.063412,174.3446472,2574.86669
170.918071,2570.510069,173.9125098,2568.32241
170.5485303,2563.956705,173.4799953,2561.778156
170.1793532,2557.403318,173.0471283,2555.233927
169.810529,2550.849909,172.6139307,2548.68972
169.4420432,2544.296478,172.1804281,2542.145535
169.0738823,2537.743027,171.7466372,2535.60137
168.7060301,2531.189555,171.3125829,2529.057225
168.3384677,2524.636063,170.8782799,2522.513098
167.9711757,2518.082552,170.4437458,2515.96899
167.6041346,2511.529022,170.0089967,2509.424899
167.2373245,2504.975476,169.5740458,2502.880824
166.8707224,2498.421913,169.1389043,2496.336766
166.5043086,2491.868336,168.703584,2489.792725
166.1380594,2485.314744,168.2680952,2483.248699
165.7719532,2478.76114,167.832449,2476.704689
165.4059732,2472.207524,167.3966525,2470.160695
165.0400989,2465.653897,166.9607167,2463.616716
164.6743136,2459.100262,166.5246487,2457.072753
164.3086042,2452.546619,166.0884553,2450.528805
163.9429614,2445.992969,165.6521458,2443.984872
163.5773767,2439.439313,165.2157242,2437.440954
163.211848,2432.885653,164.779194,2430.897051
162.8463772,2426.331989,164.342558,2424.353164
162.4809692,2419.778322,163.9058154,2417.809292
162.115634,2413.224652,163.468963,2411.265435
161.7503878,2406.670981,163.0319932,2404.721595
161.3852492,2400.117307,162.5948971,2398.177771
161.0202383,2393.56363,162.1576601,2391.633963
160.6553837,2387.009952,161.720267,2385.090174
160.2907124,2380.45627,161.2826983,2378.546404
159.926256,2373.902583,160.8449323,2372.002652
159.5620433,2367.348892,160.4069424,2365.458921
159.198107,2360.795194,159.9687072,2358.915211
158.8344799,2354.241488,159.5301982,2352.371523
158.4711898,2347.687771,159.091391,2345.827857
158.1082647,2341.134043,158.6522608,2339.284215
157.7457334,2334.5803,158.2127863,2332.740596
157.3836172,2328.02654,157.7729461,2326.197001
157.0219388,2321.472762,157.3327272,2319.653431
156.6607171,2314.918963,156.8921141,2313.109885
156.2999663,2308.36514,156.4511005,2306.566364
155.9397006,2301.811292,156.0096822,2300.022866
155.5799303,2295.257416,155.5678572,2293.479392
155.2206646,2288.703511,155.1256333,2286.93594
154.8619132,2282.149575,154.6830164,2280.39251
154.5036785,2275.595607,154.2400192,2273.849101
154.1459683,2269.041605,153.7966541,2267.305711
153.7887842,2262.487569,153.3529385,2260.762339
153.4321274,2255.933498,152.9088914,2254.218985
153.0760007,2249.379391,152.464532,2247.675646
152.7203976,2242.825249,152.0198794,2241.132321
152.3653148,2236.271071,151.5749551,2234.58901
152.0107425,2229.716859,151.1297784,2228.045711
151.6566673,2223.162611,150.6843675,2221.502423
151.3030706,2216.60833,150.2387436,2214.959144
150.9499281,2210.054015,149.7929245,2208.415874
150.5972126,2203.499669,149.346926,2201.872612
150.244888,2196.945293,148.9007673,2195.329357
149.8929166,2190.390887,148.4544618,2188.786108
149.5412543,2183.836454,148.0080275,2182.242864
149.1898559,2177.281997,147.5614784,2175.699625
148.8386795,2170.727516,147.1148288,2169.15639
148.4876814,2164.173016,146.6680958,2162.613157
148.1368255,2157.618499,146.2212938,2156.069928
147.7860813,2151.063967,145.7744367,2149.5267
147.4354321,2144.509426,145.327541,2142.983473
147.0848748,2137.954877,144.880622,2136.440246
146.7344197,2131.400324,144.4336949,2129.897018
146.3840979,2124.845772,143.9867762,2123.353789
146.0339586,2118.291223,143.5398817,2116.810557
145.6840706,2111.736681,143.093027,2110.267323
145.3345168,2105.182147,142.6462299,2103.724084
144.9853988,2098.627624,142.1995069,2097.18084
144.6368285,2092.073112,141.7528743,2090.63759
144.2889243,2085.518612,141.3063506,2084.094334
143.9418086,2078.964122,140.8599542,2077.551069
143.5955965,2072.40964,140.4137045,2071.007795
143.2503923,2065.855163,139.9676213,2064.464511
142.9062823,2059.300686,139.5217269,2057.921216
142.5633288,2052.746204,139.0760444,2051.377908
142.221563,2046.19171,138.6305979,2044.834586
141.8809807,2039.637198,138.1854144,2038.291248
141.5415393,2033.08266,137.7405234,2031.747893
141.2031566,2026.52809,137.2959548,2025.204519
140.8657093,2019.973481,136.8517435,2018.661124
140.5290342,2013.418828,136.407925,2012.117705
140.1929348,2006.864125,135.9645378,2005.574262
139.8571852,2000.309372,135.5216235,1999.030791
139.5215372,1993.754566,135.0792264,1992.48729
139.1857274,1987.199708,134.6373936,1985.943756
138.84949,1980.644803,134.196175,1979.400186
138.5125648,1974.089854,133.755623,1972.856577
138.174709,1967.53487,133.3157931,1966.312925
137.8357042,1960.979861,132.8767421,1959.769228
137.4953691,1954.424836,132.4385311,1953.225482
137.1535635,1947.869808,132.0012212,1946.681683
136.8101988,1941.314791,131.564876,1940.137826
136.4652383,1934.759797,131.1295598,1933.593909
136.1186993,1928.204839,130.6953362,1927.049927
135.7706536,1921.649932,130.2622693,1920.505876
135.4212259,1915.095085,129.8304223,1913.961753
135.070585,1908.54031,129.3998536,1907.417552
134.718936,1901.985612,128.9706217,1900.873272
134.3665144,1895.430999,128.5427776,1894.328907
134.013573,1888.876471,128.1163712,1887.784456
133.6603704,1882.322028,127.6914423,1881.239916
133.3071611,1875.767667,127.2680288,1874.695283
132.9541843,1869.21338,126.8461595,1868.150556
132.601652,1862.659158,126.4258569,1861.605733
132.2497427,1856.10499,126.0071374,1855.060813
131.8985889,1849.55086,125.5900107,1848.515795
131.5482807,1842.996753,125.1744813,1841.970679
131.1988497,1836.442655,124.7605481,1835.425463
130.850277,1829.888549,124.350793,1828.880149
130.5024886,1823.33442,123.9455992,1822.334736
130.1553534,1816.780253,123.541893,1815.789225
129.8086913,1810.226038,123.1396463,1809.243616
129.4622761,1803.671765,122.7388313,1802.697909
129.1158343,1797.117426,122.3394205,1796.152105
128.7690571,1790.563018,121.941388,1789.606206
128.421607,1784.00854,121.5451547,1783.060211
128.0731177,1777.453993,121.1513777,1776.514121
127.723216,1770.899384,120.7589401,1769.967937
127.3715161,1764.344719,120.3678162,1763.42166
127.017641,1757.790011,119.9779785,1756.875291
126.6612295,1751.235271,119.5894003,1750.328831
126.3019445,1744.680515,119.2020516,1743.782281
125.9394893,1738.12576,118.8159045,1737.235642
125.573611,1731.571026,118.4309296,1730.688916
125.2041171,1725.016332,118.0470993,1724.142105
124.8308783,1718.461699,117.6643873,1717.59521
124.4611301,1711.90715,117.2827712,1711.048234
124.0897657,1705.352704,116.9022301,1704.501178
123.7218028,1698.798385,116.5227493,1697.954044
123.3574657,1692.244211,116.1443182,1691.406835
122.9915624,1685.691259,115.766932,1684.859552
122.6219102,1679.138594,115.3905928,1678.312197
122.2484562,1672.586141,115.015307,1671.764772
121.8712203,1666.033896,114.6410882,1665.217278
121.4947844,1659.481853,114.2679557,1658.669718
121.1188898,1652.930001,113.8959309,1652.122091
120.7394279,1646.378325,113.5250386,1645.574399
120.356551,1639.826811,113.155303,1639.026644
119.9704675,1633.27544,112.7867446,1632.478826
119.5814334,1626.724196,112.4193777,1625.930946
119.1897417,1620.173058,112.0532056,1619.383006
118.7957081,1613.62201,111.688216,1612.835008
118.399662,1607.071035,111.3243739,1606.286954
118.0019316,1600.520116,110.9616172,1599.738848
117.6028339,1593.969241,110.5998503,1593.190695
117.2026641,1587.418398,110.2389335,1586.642502
116.8016817,1580.867579,109.8786791,1580.094278
116.3998134,1574.312058,109.5185809,1573.541316
115.9975073,1567.756558,109.15864,1566.988352
115.5948853,1561.201078,108.7986376,1560.435394
115.1920496,1554.645614,108.4383917,1553.882452
114.7890835,1548.090164,108.0777514,1547.329531
114.3860574,1541.534728,107.7165973,1540.776636
113.9830313,1534.979303,107.3548348,1534.223771
113.5800563,1528.423888,106.9923933,1527.670939
113.1771743,1521.868483,106.6292215,1521.118141
112.7744189,1515.313087,106.2652844,1514.56538
112.3718163,1508.7577,105.9005611,1508.012655
111.9693832,1502.202321,105.5350432,1501.459968
111.5671271,1495.64695,105.1687309,1494.907319
111.1650489,1489.091588,104.8016313,1488.354709
110.7631386,1482.536236,104.433755,1481.802137
110.361378,1475.980893,104.0651168,1475.249604
109.9597401,1469.425563,103.6957328,1468.69711
109.5581893,1462.870245,103.3256197,1462.144655
109.15668,1456.314941,102.9547917,1455.592239
108.7551601,1449.759653,102.5832621,1449.039863
108.3535694,1443.204383,102.2110422,1442.487527
107.9518409,1436.649134,101.8381384,1435.935232
107.5499017,1430.093907,101.4645556,1429.382978
107.1476747,1423.538704,101.0902945,1422.830767
106.7450769,1416.983529,100.7153522,1416.278599
106.3420244,1410.428383,100.3397219,1409.726475
105.938432,1403.87327,99.96339428,1403.174396
105.5342136,1397.31819,99.58635607,1396.622364
105.1292833,1390.763148,99.20859182,1390.070381
104.7235589,1384.208144,98.83008332,1383.518447
104.3169607,1377.653182,98.4508097,1376.966565
103.9094129,1371.098263,98.07074922,1370.414737
103.500845,1364.543388,97.68987808,1363.862963
103.091194,1357.98856,97.30817088,1357.311246
102.6804013,1351.433779,96.92560233,1350.759588
102.2684162,1344.879046,96.54214576,1344.207991
101.8551972,1338.324364,96.15777482,1337.656457
101.4407092,1331.769731,95.77246284,1331.104988
101.0249238,1325.215149,95.38618266,1324.553586
100.6078232,1318.660617,94.99890761,1318.002253
100.1893948,1312.106137,94.61061216,1311.450991
99.76963444,1305.551707,94.2212703,1304.899802
99.34854484,1298.997328,93.83085595,1298.348688
98.92613511,1292.443,93.43934472,1291.797651
98.50241979,1285.888723,93.04671211,1285.246693
98.07741823,1279.334496,92.65293347,1278.695815
97.65115525,1272.780319,92.25798503,1272.145019
97.22365941,1266.226193,91.86184336,1265.594307
96.79496172,1259.672117,91.46448537,1259.043681
96.36509522,1253.118092,91.0658882,1252.493142
95.93409516,1246.564118,90.66602994,1245.942691
95.50199668,1240.010197,90.26488817,1239.39233
95.06883517,1233.456328,89.86244216,1232.842059
94.6346459,1226.902514,89.45867086,1226.291881
94.1994607,1220.348755,89.05355576,1219.741796
93.76331151,1213.795054,88.64707793,1213.191806
93.32622552,1207.241411,88.2392212,1206.64191
92.88822695,1200.687829,87.82997123,1200.09211
92.44933572,1194.13431,87.41931491,1193.542407
92.00956812,1187.580857,87.00724312,1186.9928
91.56893331,1181.027472,86.59374851,1180.443291
91.1274368,1174.474158,86.17882815,1173.893879
90.68507716,1167.920918,85.76248271,1167.344565
90.2418463,1161.367754,85.34471597,1160.795349
89.79773155,1154.814671,84.92553735,1154.246229
89.35271268,1148.26167,84.50495971,1147.697207
88.90676296,1141.708756,84.083001,1141.148281
88.45985003,1135.155931,83.65968377,1134.59945
88.01193548,1128.603569,83.23503536,1128.050713
87.56297483,1122.051401,82.80908689,1121.502069
87.11291948,1115.499352,82.38187417,1114.953517
86.66171526,1108.947425,81.95343689,1108.405055
86.2093054,1102.39562,81.52381801,1101.856681
85.75562798,1095.843941,81.09306285,1095.308392
85.3006207,1089.292388,80.66121991,1088.760188
84.8442196,1082.740962,80.22833884,1082.212064
84.38635734,1076.189664,79.79447048,1075.664019
83.92697058,1069.638494,79.35966567,1069.116051
83.46599461,1063.087454,78.92397593,1062.568155
83.0033681,1056.536543,78.48745047,1056.02033
82.53903181,1049.985763,78.05013787,1049.472572
82.07293042,1043.435114,77.61208437,1042.924879
81.60501266,1036.884595,77.17333343,1036.377247
81.13523272,1030.334209,76.73392529,1029.829675
80.66354889,1023.783955,76.29389702,1023.282158
80.18992797,1017.233834,75.85328122,1016.734695
79.71433939,1010.683847,75.41210646,1010.187283
79.23676194,1004.133996,74.97039786,1003.63992
78.75717947,997.584281,74.52817496,997.0926029
78.2755815,991.0347038,74.08545316,990.5453307
77.79196606,984.4852658,73.64224416,983.9981015
77.30633428,977.9359686,73.19855383,977.4509137
76.81869468,971.3868139,72.75438471,970.9037663
76.32906081,964.8378034,72.30973432,964.3566584
75.83744971,958.2889388,71.86459622,957.8095891
75.34388316,951.740222,71.41895977,951.2625582
74.84838753,945.1916545,70.97281031,944.7155657
74.35099127,938.6432382,70.52612946,938.1686118
73.85172366,932.0949746,70.07889483,931.6216968
73.35061911,925.5468651,69.63108124,925.0748217
72.84770998,918.998911,69.1826583,918.5279875
72.34303173,912.4511135,68.73359449,911.9811954
71.83661773,905.9034733,68.28385312,905.4344473
71.32850268,899.3559912,67.83339564,898.8877448
70.8187187,892.8086676,67.38218037,892.3410902
70.307299,886.2615026,66.93016245,885.7944856
69.79427342,879.7144962,66.47729525,879.2479339
69.27967117,873.1676481,66.02352914,872.7014378
68.76351803,866.6209577,65.56881311,866.1550002
68.2458388,860.0744241,65.11309426,859.6086244
67.72665523,853.5280463,64.65631795,853.0623138
67.20598751,846.9818231,64.19842918,846.5160717
66.68385219,840.4357529,63.73937227,839.969902
66.1602644,833.8898342,63.27909052,833.4238082
65.63523612,827.3440652,62.81752937,826.8777942
65.10877774,820.798444,62.3546334,820.3318638
64.58089629,814.2529685,61.89035,813.786021
64.05159804,807.7076367,61.42462758,807.2402696
63.52088556,801.1624465,60.95741767,800.6946133
62.98876075,794.6173956,60.48867463,794.149056
62.4552241,788.0724818,60.01835618,787.6036013
61.92027363,781.527703,59.54642502,781.0582528
61.38390634,774.9830571,59.07284697,774.5130136
60.84611842,768.4385418,58.59759356,767.9678871
60.30690566,761.8941552,58.12064147,761.422876
59.76626179,755.3498953,57.64197285,754.877983
59.22418121,748.8057602,57.16157473,748.3332105
58.68065751,742.2617482,56.67944061,741.7885605
58.13568534,735.7178575,56.19556972,735.2440347
57.58925783,729.1740868,55.70996703,728.6996344
57.0413695,722.6304345,55.22264253,722.1553607
56.49201529,716.0868996,54.7336127,715.6112141
55.94119122,709.5434808,54.24289921,709.067195
55.38889303,703.0001774,53.75052878,702.5233031
54.8351186,696.4569885,53.25653385,695.9795381
54.27986649,689.9139137,52.76095079,689.4358992
53.72313595,683.3709525,52.2638223,682.8923853
53.16492829,676.828105,51.76519422,676.3489948
52.60524515,670.285371,51.26511728,669.8057261
52.04409061,663.7427509,50.76364702,663.2625774
51.48146879,657.200245,50.26084223,656.7195463
50.9173858,650.6578542,49.75676633,650.1766305
50.35184835,644.1155792,49.2514849,643.6338275
49.78486478,637.5734211,48.7450683,637.0911348
49.21644357,631.0313812,48.23758791,630.5485495
48.64659421,624.4894609,47.72911901,624.0060688
48.07532685,617.9476618,47.21973665,617.4636899
47.50265202,611.4059857,46.70951758,610.9214101
46.92857982,604.8644344,46.1985376,604.3792265
46.35312081,598.32301,45.68687234,597.8371364
45.77628565,591.7817144,45.1745929,591.2951373
45.19808404,585.2405498,44.66176829,584.7532268
44.61852495,578.6995183,44.1484612,578.2114029
44.03761734,572.1586219,43.63472756,571.6696637
43.45536889,565.6178627,43.12061533,565.1280079
42.87178686,559.0772425,42.60616204,558.5864344
42.28687749,552.5367632,42.09139432,552.0449428
41.70064601,545.9964262,41.57632633,545.5035334
41.11309774,539.4562328,41.06095849,538.962207
40.52423691,532.916184,40.54527631,532.4209653
39.93406813,526.3762807,40.0292503,525.879811
39.34259602,519.8365229,39.51283525,519.3387475
38.74982557,513.2969108,38.99597018,512.7977794
38.15576339,506.7574437,38.47857882,506.2569124
37.56041731,500.2181208,37.96057015,499.7161532
36.963798,493.6789405,37.44183964,493.1755097
36.36591832,487.1399009,36.92226985,486.634991
35.7667957,480.6009995,36.40173344,480.0946074
35.16645156,474.0622334,35.88009407,473.5543703
34.56491307,467.5235991,35.35720868,467.0142922
33.9622131,460.9850927,34.83293066,460.4743865
33.35839219,454.4467097,34.30711183,453.9346677
32.75349874,447.9084453,33.77960511,447.3951511
32.14758999,441.3702943,33.25026791,440.8558525
31.54073332,434.8322511,32.71896383,434.3167885
30.93300669,428.2943099,32.18556658,427.7779759
30.32449966,421.7564646,31.64996164,421.2394318
29.7153145,415.2187092,31.11204877,414.7011735
29.1055668,408.6810372,30.57174498,408.1632179
28.49538642,402.1434426,30.02898563,401.6255819
27.88491783,395.6059191,29.48372724,395.0882816
27.27432176,389.0684609,28.93594864,388.5513328
26.66377497,382.5310622,28.38565259,382.0147503
26.05347186,375.9937176,27.83286704,375.478548
25.4436245,369.4564222,27.27764623,368.9427388
24.834464,362.9191715,26.72007228,362.4073344
24.22624138,356.3819612,26.16025496,355.8723452
23.61922825,349.8447881,25.598334,349.3377804
23.01371857,343.307649,25.03447894,342.8036478
22.41002956,336.7705416,24.4688911,336.2699538
21.80850405,330.2334641,23.90180371,329.7367033
21.20951212,323.6964151,23.33348436,323.2038999
20.613454,317.159394,22.76423556,316.6715461
20.02076321,310.6224005,22.1943975,310.1396428
19.43191033,304.0854348,21.62435007,303.6081899
18.84740787,297.5484975,21.05451544,297.0771862
18.26781561,291.0115896,20.48536178,290.5466294
17.69374744,284.4747122,19.91740681,284.0165162
17.12587896,277.9378671,19.35122247,277.4868428
16.56495686,271.4010557,18.78744061,270.9576045
16.01180927,264.8642799,18.2267591,264.4287961
15.46735809,258.3275416,17.66994876,257.900412
14.93263249,251.7908427,17.11822683,251.3724463
14.40878431,245.2541852,16.57240073,244.8448929
13.89710474,238.717571,16.03275854,238.3177456
13.39904204,232.181002,15.50049096,231.7909987
12.91621985,225.6444798,14.97693248,225.2646462
12.45045498,219.1080063,14.46357914,218.738683
12.00377314,212.5715829,13.96210853,212.2131044
11.5784205,206.0352112,13.47440206,205.6879064
11.17686819,199.4988925,13.00256605,199.1630857
10.80180564,192.9626279,12.54895403,192.6386404
10.45611842,186.4264186,12.11618592,186.1145693
10.14284535,179.8902653,11.70716149,179.5908726
9.865110439,173.354169,11.32506342,173.0675518
9.626026673,166.81813,10.97334575,166.5446096
9.428572077,160.2821489,10.65569891,160.0220498
9.275443778,153.7462261,10.37598603,153.4998777
9.168901705,147.2103615,10.1381434,146.9780989
9.110619488,140.6745553,9.946043268,140.4567199
