Time,TensionStroke,VesselHeave,Time,RiserSlack
0.0,0.0,0.0,100.0,0.0
0.1,-0.0409879709479,0.0,100.1,-0.0197383675362
0.2,-0.0789456480131,0.0,100.2,-0.0404388572913
0.3,-0.113876160048,0.0,100.3,-0.0624831893
0.4,-0.145787329186,0.0,100.4,-0.0859886955401
0.5,-0.174688541983,0.0,100.5,-0.11098197126
0.6,-0.200595442704,0.0,100.6,-0.137469274165
0.7,-0.223526804466,0.0,100.7,-0.16542713786
0.8,-0.24350765809,0.0,100.8,-0.194799242996
0.9,-0.26057085653,0.0,100.9,-0.225480773005
1.0,-0.274758639298,0.0,101.0,-0.257249579342
1.1,-0.286119503612,0.0,101.1,-0.289673880329
1.2,-0.294711333247,0.0,101.2,-0.322077843774
1.3,-0.300606091817,0.0,101.3,-0.353626065993
1.4,-0.303885129493,0.0,101.4,-0.383551978064
1.5,-0.30464544071,0.0,101.5,-0.411412847324
1.6,-0.30299809974,0.0,101.6,-0.43716643426
1.7,-0.299074518399,0.0,101.7,-0.461025500861
1.8,-0.293021752765,0.0,101.8,-0.483204373537
1.9,-0.285005632035,0.0,101.9,-0.503831335253
2.0,-0.275220145078,0.0,102.0,-0.523183289475
2.1,-0.263873360601,0.0,102.1,-0.541710791
2.2,-0.251198378135,0.0,102.2,-0.559955131351
2.3,-0.237450199177,0.0,102.3,-0.578542081077
2.4,-0.22290416277,0.0,102.4,-0.598170938767
2.5,-0.207848123365,0.0,102.5,-0.619498763497
2.6,-0.192587144106,0.0,102.6,-0.643016785149
2.7,-0.177437239119,0.0,102.7,-0.668939330134
2.8,-0.162717551384,0.0,102.8,-0.697200692545
2.9,-0.148751917161,0.0,102.9,-0.727550564163
3.0,-0.135857915002,0.0,103.0,-0.759671366434
3.1,-0.12434530133,0.0,103.1,-0.793229876541
3.2,-0.114508188303,0.0,103.2,-0.827863147565
3.3,-0.106618786108,0.0,103.3,-0.863142526682
3.4,-0.100928967393,0.0,103.4,-0.898587734993
3.5,-0.0976546229966,0.0,103.5,-0.933716929178
3.6,-0.0969850485093,0.0,103.6,-0.968115536247
3.7,-0.099073557716,0.0,103.7,-1.00148944404
3.8,-0.104031224889,0.0,103.8,-1.03370880517
3.9,-0.111936271347,0.0,103.9,-1.0648424544
4.0,-0.122821550044,0.0,104.0,-1.09513600667
4.1,-0.136687060979,0.0,104.1,-1.1249289425
4.2,-0.153490564642,0.0,104.2,-1.15457482225
4.3,-0.173156968565,0.0,104.3,-1.18439748218
4.4,-0.195579891756,0.0,104.4,-1.21470667872
4.5,-0.220620100267,0.0,104.5,-1.24582468368
4.6,-0.248114893756,0.0,104.6,-1.27807220449
4.7,-0.277878105484,0.0,104.7,-1.31172614461
4.8,-0.309706360023,0.0,104.8,-1.34694763995
4.9,-0.343377508829,0.0,104.9,-1.38374451264
5.0,-0.378661581225,0.0,105.0,-1.42196344891
5.1,-0.415317655548,0.0,105.1,-1.46131502988
5.2,-0.453106374565,0.0,105.2,-1.50143161533
5.3,-0.491782123335,0.0,105.3,-1.54191740542
5.4,-0.531103980197,0.0,105.4,-1.58239850222
5.5,-0.570832587915,0.0,105.5,-1.62253698965
5.6,-0.61073954024,0.0,105.6,-1.66203093341
5.7,-0.650602688627,0.0,105.7,-1.70595846151
5.8,-0.690210835514,0.0,105.8,-1.76194771694
5.9,-0.729366863181,0.0,105.9,-1.83383936644
6.0,-0.767889298166,0.0,106.0,-1.92171476019
6.1,-0.805610746849,0.0,106.1,-2.0248339245
6.2,-0.842377895445,0.0,106.2,-2.14283860575
6.3,-0.878062460992,0.0,106.3,-2.27561616522
6.4,-0.912536160527,0.0,106.4,-2.42295071209
6.5,-0.945692613056,0.0,106.5,-2.58411791694
6.6,-0.977447339556,0.0,106.6,-2.75735623567
6.7,-1.00771898986,0.0,106.7,-2.93936942193
6.8,-1.03644811575,0.0,106.8,-3.12546576102
6.9,-1.06358778445,0.0,106.9,-3.31087844578
7.0,-1.08909732088,0.0,107.0,-3.49309657189
7.1,-1.11294856535,0.0,107.1,-3.67387699017
7.2,-1.13511335818,0.0,107.2,-3.8593882338
7.3,-1.15557918398,0.0,107.3,-4.05834885094
7.4,-1.17433978504,0.0,107.4,-4.27977932407
7.5,-1.19138890364,0.0,107.5,-4.53213694215
7.6,-1.20672966864,0.0,107.6,-4.82311242522
7.7,-1.22037459546,0.0,107.7,-5.15707365171
7.8,-1.23232368409,0.0,107.8,-5.53517986157
7.9,-1.24259570765,0.0,107.9,-5.95694764705
8.0,-1.25120318155,0.0,108.0,-6.42035029379
8.1,-1.25816487891,0.0,108.1,-6.92247953315
8.2,-1.26351208824,0.0,108.2,-7.46212137027
8.3,-1.26727922695,0.0,108.3,-8.04222005559
8.4,-1.2695069701,0.0,108.4,-8.67004547845
8.5,-1.2702485082,0.0,108.5,-9.35495838406
8.6,-1.2695664183,0.0,108.6,-10.1056084858
8.7,-1.26752640632,0.0,108.7,-10.9281870011
8.8,-1.26421295126,0.0,108.8,-11.8263026704
8.9,-1.25972304757,0.0,108.9,-12.80182381
9.0,-1.2541662051,0.0,109.0,-13.8564740266
9.1,-1.24766757795,0.0,109.1,-14.9818038534
9.2,-1.24035857794,0.0,109.2,-16.1569905797
9.3,-1.23238939,0.0,109.3,-17.3605617693
9.4,-1.22391019906,0.0,109.4,-18.5791298434
9.5,-1.21508683432,0.0,109.5,-19.8071592749
9.6,-1.20608512498,0.0,109.6,-21.0406157992
9.7,-1.19708654449,0.0,109.7,-22.2718125097
9.8,-1.18826317975,0.0,109.8,-23.4890711589
9.9,-1.17979650422,0.0,109.9,-24.6790630298
10.0,-1.17185234711,0.0,110.0,-25.8290728559
10.1,-1.16460592415,0.0,110.1,-26.904062962
10.2,-1.15821367799,0.0,110.2,-27.858139336
10.3,-1.15282266472,0.0,110.3,-28.6657955703
10.4,-1.14857055384,0.0,110.4,-29.3300525723
10.5,-1.14557624176,0.0,110.5,-29.8647774173
10.6,-1.14395236719,0.0,110.6,-30.2783867193
10.7,-1.14378966684,0.0,110.7,-30.573540003
10.8,-1.14515697549,0.0,110.8,-30.7581297995
10.9,-1.14810748363,0.0,110.9,-30.8378725227
11.0,-1.15267873749,0.0,111.0,-30.8076454586
11.1,-1.15888012363,0.0,111.1,-30.6550825988
11.2,-1.16671164205,0.0,111.2,-30.3846433407
11.3,-1.17614513307,0.0,111.3,-30.0179535323
11.4,-1.18714617932,0.0,111.4,-29.5780063301
11.5,-1.19965533259,0.0,111.5,-29.079866378
11.6,-1.21359750042,0.0,111.6,-28.5340622654
11.7,-1.22888194607,0.0,111.7,-27.9514174762
11.8,-1.24540854627,0.0,111.8,-27.3435979378
11.9,-1.2630646623,0.0,111.9,-26.722707617
12.0,-1.28172201122,0.0,112.0,-26.1012971245
12.1,-1.30125231004,0.0,112.1,-25.4922354315
12.2,-1.32151788927,0.0,112.2,-24.9083484877
12.3,-1.34238107937,0.0,112.3,-24.361828259
12.4,-1.36369795311,0.0,112.4,-23.8635459441
12.5,-1.38532771213,0.0,112.5,-23.4222736728
12.6,-1.4071264292,0.0,112.6,-23.0437481967
12.7,-1.4289626925,0.0,112.7,-22.7301671436
12.8,-1.45070509022,0.0,112.8,-22.4806211908
12.9,-1.47223472595,0.0,112.9,-22.2921919009
13.0,-1.493438961,0.0,113.0,-22.1610910154
13.1,-1.51421454322,0.0,113.1,-22.0833049984
13.2,-1.53446447818,0.0,113.2,-22.0547233197
13.3,-1.55410741571,0.0,113.3,-22.0711615298
13.4,-1.57307139219,0.0,113.4,-22.1284508236
13.5,-1.59129070172,0.0,113.5,-22.2224141826
13.6,-1.60870902494,0.0,113.6,-22.3486766884
13.7,-1.62528881564,0.0,113.7,-22.5025090802
13.8,-1.64098626985,0.0,113.8,-22.6788942426
13.9,-1.65577322792,0.0,113.9,-22.8727892471
14.0,-1.66962465902,0.0,114.0,-23.0794409754
14.1,-1.68251866118,0.0,114.1,-23.2946395561
14.2,-1.69444271899,0.0,114.2,-23.5148489945
14.3,-1.70537805933,0.0,114.3,-23.73713208
14.4,-1.71532155335,0.0,114.4,-23.9588609674
14.5,-1.72426068564,0.0,114.5,-24.1774782108
14.6,-1.7321954562,0.0,114.6,-24.3904181509
14.7,-1.73912273617,0.0,114.7,-24.595128035
14.8,-1.74503939671,0.0,114.8,-24.7891638379
14.9,-1.74994856667,0.0,114.9,-24.970354527
15.0,-1.7538596326,0.0,115.0,-25.1370504146
15.1,-1.75678198106,0.0,115.1,-25.2883593867
15.2,-1.75872812747,0.0,115.2,-25.4242775321
15.3,-1.75972310264,0.0,115.3,-25.5456496411
15.4,-1.7597919374,0.0,115.4,-25.6539353236
15.5,-1.75896279142,0.0,115.5,-25.7508499729
15.6,-1.75727633979,0.0,115.6,-25.8380166815
15.7,-1.7547795153,0.0,115.7,-25.9167472209
15.8,-1.75151925074,0.0,115.8,-25.9879818113
15.9,-1.74755812317,0.0,115.9,-26.0523532632
16.0,-1.74295870964,0.0,116.0,-26.1103191714
16.1,-1.73779297376,0.0,116.1,-26.1623136641
16.2,-1.73213287914,0.0,116.2,-26.2088600419
16.3,-1.72606290482,0.0,116.3,-26.2506247505
16.4,-1.71966440096,0.0,116.4,-26.2884439759
16.5,-1.71302497543,0.0,116.5,-26.3233009599
16.6,-1.70623849383,0.0,116.6,-26.3562094508
16.7,-1.69939256403,0.0,116.7,-26.3880423986
16.8,-1.69258730931,0.0,116.8,-26.4193919387
16.9,-1.68591033755,0.0,116.9,-26.450562352
17.0,-1.67945551434,0.0,117.0,-26.4816897435
17.1,-1.67331670526,0.0,117.1,-26.5128898808
17.2,-1.66757838933,0.0,117.2,-26.5443223355
17.3,-1.66232504557,0.0,117.3,-26.5761897007
17.4,-1.65764115301,0.0,117.4,-26.608677361
17.5,-1.65359241756,0.0,117.5,-26.6418987372
17.6,-1.65025393168,0.0,117.6,-26.675841314
17.7,-1.64768201473,0.0,117.7,-26.7103337866
17.8,-1.64592672834,0.0,117.8,-26.7450272881
17.9,-1.6450287476,0.0,117.9,-26.7794157263
18.0,-1.64502248989,0.0,118.0,-26.812899144
18.1,-1.64592359948,0.0,118.1,-26.8448775835
18.2,-1.64774459178,0.0,118.2,-26.8748386951
18.3,-1.65048233793,0.0,118.3,-26.9023952835
18.4,-1.65412119367,0.0,118.4,-26.9272634051
18.5,-1.65863612818,0.0,118.5,-26.9491997917
18.6,-1.66399272408,0.0,118.6,-26.9679361441
18.7,-1.67014404858,0.0,118.7,-26.9831533194
18.8,-1.67703691117,0.0,118.8,-26.9944938462
18.9,-1.68460247711,0.0,118.9,-27.0015908664
19.0,-1.69277504047,0.0,119.0,-27.004128366
19.1,-1.70147950881,0.0,119.1,-27.0018928007
19.2,-1.71064078964,0.0,119.2,-26.9948036026
19.3,-1.72016814625,0.0,119.3,-26.9829256954
19.4,-1.72998961501,0.0,119.4,-26.9664483746
19.5,-1.7400144592,0.0,119.5,-26.9456501082
19.6,-1.75016758636,0.0,119.6,-26.9208508214
19.7,-1.76037390401,0.0,119.7,-26.8923892124
19.8,-1.77055519084,0.0,119.8,-26.8606133661
19.9,-1.78064261209,0.0,119.9,-26.825876843
20.0,-1.79057671955,0.0,120.0,-26.788539461
20.1,-1.80029180732,0.0,120.1,-26.7489907623
20.2,-1.8097346849,0.0,120.2,-26.7077032037
20.3,-1.8188584195,0.0,120.3,-26.665259534
20.4,-1.82761607833,0.0,120.4,-26.6223246344
20.5,-1.83597011516,0.0,120.5,-26.579577466
20.6,-1.8438861126,0.0,120.6,-26.5376484926
20.7,-1.85132965328,0.0,120.7,-26.49709465
20.8,-1.85827257752,0.0,120.8,-26.4584087324
20.9,-1.86469298335,0.0,120.9,-26.4220319082
21.0,-1.87057209766,0.0,121.0,-26.3883662349
21.1,-1.87588488962,0.0,121.1,-26.357777006
21.2,-1.88062197267,0.0,121.2,-26.3306044844
21.3,-1.88476770256,0.0,121.3,-26.307149822
21.4,-1.88831582157,0.0,121.4,-26.2876562872
21.5,-1.8912538143,0.0,121.5,-26.272281887
21.6,-1.89358168074,0.0,121.6,-26.2610923274
21.7,-1.89529629204,0.0,121.7,-26.2540805684
21.8,-1.89640077706,0.0,121.8,-26.251184033
21.9,-1.89689826465,0.0,121.9,-26.2522791314
22.0,-1.89679501251,0.0,122.0,-26.2571640528
22.1,-1.89610353605,0.0,122.1,-26.2655626758
22.2,-1.89483635069,0.0,122.2,-26.277143342
22.3,-1.89300910069,0.0,122.3,-26.2915509266
22.4,-1.89064055916,0.0,122.4,-26.3084389093
22.5,-1.88774949922,0.0,122.5,-26.3274787605
22.6,-1.88436408055,0.0,122.6,-26.3483740213
22.7,-1.88050620512,0.0,122.7,-26.3708563927
22.8,-1.87620716145,0.0,122.8,-26.3946771309
22.9,-1.87149510922,0.0,122.9,-26.4195796699
23.0,-1.8664044658,0.0,123.0,-26.4452769375
23.1,-1.86097277744,0.0,123.1,-26.4714411863
23.2,-1.85523133265,0.0,123.2,-26.4977086873
23.3,-1.84922706424,0.0,123.3,-26.5237188402
23.4,-1.84300064728,0.0,123.4,-26.5491626707
23.5,-1.83659588571,0.0,123.5,-26.5738297635
23.6,-1.83005971233,0.0,123.6,-26.5976317286
23.7,-1.82344218877,0.0,123.7,-26.6205787346
23.8,-1.81679337669,0.0,123.8,-26.6427263187
23.9,-1.81016959543,0.0,123.9,-26.6641206316
24.0,-1.80361777779,0.0,124.0,-26.6847554154
24.1,-1.79719737196,0.0,124.1,-26.7045626177
24.2,-1.79095843958,0.0,124.2,-26.7234272531
24.3,-1.78495104232,0.0,124.3,-26.7412171276
24.4,-1.77922837065,0.0,124.4,-26.7578242958
24.5,-1.77383422852,0.0,124.5,-26.7732010426
24.6,-1.76881554871,0.0,124.6,-26.7873888254
24.7,-1.76420361977,0.0,124.7,-26.8005182737
24.8,-1.76003598791,0.0,124.8,-26.8127857231
24.9,-1.75633768397,0.0,124.9,-26.8244141043
25.0,-1.75312748106,0.0,125.0,-26.8356028817
25.1,-1.75042102343,0.0,125.1,-26.8464858138
25.2,-1.74822456881,0.0,125.2,-26.8571113977
25.3,-1.74653811718,0.0,125.3,-26.8674459983
25.4,-1.74535228199,0.0,125.4,-26.8773996611
25.5,-1.74465454782,0.0,125.5,-26.8868660051
25.6,-1.74442301272,0.0,125.6,-26.8957730666
25.7,-1.74463577471,0.0,125.7,-26.9041184991
25.8,-1.74526154526,0.0,125.8,-26.9119953859
25.9,-1.74626903584,0.0,125.9,-26.9195883293
26.0,-1.74762070023,0.0,126.0,-26.9271374687
26.1,-1.74927586333,0.0,126.1,-26.9348782504
26.2,-1.75119697891,0.0,126.2,-26.9429757213
26.3,-1.75333711419,0.0,126.3,-26.951476032
26.4,-1.75565559407,0.0,126.4,-26.9602876636
26.5,-1.75811174348,0.0,126.5,-26.9692095872
26.6,-1.76065862961,0.0,126.6,-26.9779899302
26.7,-1.76326183509,0.0,126.7,-26.986402633
26.8,-1.76587129828,0.0,126.8,-26.9943201949
26.9,-1.76845573065,0.0,126.9,-27.0017504379
27.0,-1.77097132825,0.0,127.0,-27.0088349427
27.1,-1.77338680257,0.0,127.1,-27.01580368
27.2,-1.77566147852,0.0,127.2,-27.0228975714
27.3,-1.77777032527,0.0,127.3,-27.0302965259
27.4,-1.77967266774,0.0,127.4,-27.0380646851
27.5,-1.78134973281,0.0,127.5,-27.0461300852
27.6,-1.78277336081,0.0,127.6,-27.0543096885
27.7,-1.78391852091,0.0,127.7,-27.0623594444
27.8,-1.78476331115,0.0,127.8,-27.0700493823
27.9,-1.78529208726,0.0,127.9,-27.0772168017
28.0,-1.78549233384,0.0,128.0,-27.0837983434
28.1,-1.78534840661,0.0,128.1,-27.0898237316
28.2,-1.78485404788,0.0,128.2,-27.0953774452
28.3,-1.78400299993,0.0,128.3,-27.1005510032
28.4,-1.78278900507,0.0,128.4,-27.1053968139
28.5,-1.78121206329,0.0,128.5,-27.1099000152
28.6,-1.77927217458,0.0,128.6,-27.1139745637
28.7,-1.77697246782,0.0,128.7,-27.1174843543
28.8,-1.77431920069,0.0,128.8,-27.1202776376
28.9,-1.7713123732,0.0,128.9,-27.1222308239
29.0,-1.76796762962,0.0,129.0,-27.1232688208
29.1,-1.76428184109,0.0,129.1,-27.1233775484
29.2,-1.76027065187,0.0,129.2,-27.1225890775
29.3,-1.75594031967,0.0,129.3,-27.1209511231
29.4,-1.75130023105,0.0,129.4,-27.1185035781
29.5,-1.74635977257,0.0,129.5,-27.1152534823
29.6,-1.74112833078,0.0,129.6,-27.1111703294
29.7,-1.73562154995,0.0,129.7,-27.1061923247
29.8,-1.72984881664,0.0,129.8,-27.1002467223
29.9,-1.72382264625,0.0,129.9,-27.0932811139
30.0,-1.71756494077,0.0,130.0,-27.0852806374
30.1,-1.71109134444,0.0,130.1,-27.0762922257
30.2,-1.70441750153,0.0,130.2,-27.0664136554
30.3,-1.69757157173,0.0,130.3,-27.0557763383
30.4,-1.69057232814,0.0,130.4,-27.0445202905
30.5,-1.6834510593,0.0,130.5,-27.0327651907
30.6,-1.67622966716,0.0,130.6,-27.0206002113
30.7,-1.66894256912,0.0,130.7,-27.0080808892
30.8,-1.661614796,0.0,130.8,-26.9952377309
30.9,-1.65428389402,0.0,130.9,-26.9820996783
31.0,-1.64697802286,0.0,131.0,-26.9687120996
31.1,-1.63972847105,0.0,131.1,-26.9551555629
31.2,-1.63256339827,0.0,131.2,-26.9415520933
31.3,-1.62551722189,0.0,131.3,-26.9280550048
31.4,-1.61861497273,0.0,131.4,-26.9148254332
31.5,-1.61187855277,0.0,131.5,-26.9020088701
31.6,-1.60533299283,0.0,131.6,-26.8897148255
31.7,-1.59900019488,0.0,131.7,-26.8780066585
31.8,-1.59289267432,0.0,131.8,-26.8669125289
31.9,-1.58702607543,0.0,131.9,-26.8564355655
32.0,-1.58140978475,0.0,132.0,-26.846582026
32.1,-1.57605006,0.0,132.1,-26.8373777234
32.2,-1.57095315888,0.0,132.2,-26.8288813238
32.3,-1.56611595254,0.0,132.3,-26.8211851283
32.4,-1.56153531212,0.0,132.4,-26.8144041222
32.5,-1.55721123763,0.0,132.5,-26.8086509442
32.6,-1.5531280848,0.0,132.6,-26.8040202421
32.7,-1.54928272478,0.0,132.7,-26.8005628598
32.8,-1.5456595133,0.0,132.8,-26.7982780151
32.9,-1.5422428061,0.0,132.9,-26.7971125175
33.0,-1.53901695892,0.0,133.0,-26.7969748479
33.1,-1.53596319864,0.0,133.1,-26.7977578433
33.2,-1.5330596233,0.0,133.2,-26.7993684203
33.3,-1.53029058862,0.0,133.3,-26.8017549527
33.4,-1.52762480608,0.0,133.4,-26.8049143118
33.5,-1.52504663142,0.0,133.5,-26.8088903014
33.6,-1.52252790496,0.0,133.6,-26.8137454987
33.7,-1.52004359588,0.0,133.7,-26.8195276185
33.8,-1.51756554451,0.0,133.8,-26.8262358788
33.9,-1.51507810658,0.0,133.9,-26.833795187
34.0,-1.51254686471,0.0,134.0,-26.8420608338
34.1,-1.50995304578,0.0,134.1,-26.8508411768
34.2,-1.50727161898,0.0,134.2,-26.8599437916
34.3,-1.50448381119,0.0,134.3,-26.86922084
34.4,-1.50156772043,0.0,134.4,-26.8785941006
34.5,-1.49850770244,0.0,134.5,-26.8880635735
34.6,-1.49528498412,0.0,134.6,-26.897682449
34.7,-1.49189330774,0.0,134.7,-26.9075164332
34.8,-1.4883139002,0.0,134.8,-26.9176085477
34.9,-1.48454363265,0.0,134.9,-26.9279486238
35.0,-1.48057311852,0.0,135.0,-26.9384662623
35.1,-1.4763961001,0.0,135.1,-26.9490456957
35.2,-1.47201257741,0.0,135.2,-26.959555512
35.3,-1.46741942158,0.0,135.3,-26.9698815083
35.4,-1.46261976147,0.0,135.4,-26.9799517209
35.5,-1.45760733937,0.0,135.5,-26.9897450299
35.6,-1.452388413,0.0,135.6,-26.9992817731
35.7,-1.44696298234,0.0,135.7,-27.0086018432
35.8,-1.44133417625,0.0,135.8,-27.0177349644
35.9,-1.43550199474,0.0,135.9,-27.0266858299
36.0,-1.4294726955,0.0,136.0,-27.03542628
36.1,-1.42324314968,0.0,136.1,-27.0439023421
36.2,-1.41682274385,0.0,136.2,-27.0520545679
36.3,-1.41020834915,0.0,136.3,-27.0598360247
36.4,-1.40340935214,0.0,136.4,-27.0672255927
36.5,-1.39642888167,0.0,136.5,-27.0742318762
36.6,-1.38927319544,0.0,136.6,-27.0808822527
36.7,-1.38194229346,0.0,136.7,-27.0872080107
36.8,-1.37445494885,0.0,136.8,-27.09323027
36.9,-1.36681116159,0.0,136.9,-27.0989427729
37.0,-1.35902344711,0.0,137.0,-27.1043126664
37.1,-1.35110432082,0.0,137.1,-27.109282849
37.2,-1.34306629812,0.0,137.2,-27.1137876148
37.3,-1.33492189442,0.0,137.3,-27.1177690799
37.4,-1.32668988285,0.0,137.4,-27.1211936092
37.5,-1.31837964997,0.0,137.5,-27.1240572917
37.6,-1.31001309773,0.0,137.6,-27.1263867226
37.7,-1.30160274155,0.0,137.7,-27.128226488
37.8,-1.2931642257,0.0,137.8,-27.1296266496
37.9,-1.28471632329,0.0,137.9,-27.130626318
38.0,-1.27627467859,0.0,138.0,-27.1312466131
38.1,-1.267851807,0.0,138.1,-27.1314836237
38.2,-1.25946648165,0.0,138.2,-27.1313193589
38.3,-1.25112808908,0.0,138.3,-27.1307280057
38.4,-1.24284914472,0.0,138.4,-27.1296876622
38.5,-1.23464216398,0.0,138.5,-27.1281920706
38.6,-1.2265227911,0.0,138.6,-27.1262521819
38.7,-1.21849415496,0.0,138.7,-27.1238961558
38.8,-1.21056564211,0.0,138.8,-27.1211631029
38.9,-1.20274976795,0.0,138.9,-27.1180890051
39.0,-1.1950465325,0.0,139.0,-27.1146996753
39.1,-1.1874653223,0.0,139.1,-27.1110091935
39.2,-1.18000926621,0.0,139.2,-27.1070191241
39.3,-1.17268149308,0.0,139.3,-27.102729467
39.4,-1.16548200292,0.0,139.4,-27.098150391
39.5,-1.15840766686,0.0,139.5,-27.0933045803
39.6,-1.15146474263,0.0,139.6,-27.0882389677
39.7,-1.14464071479,0.0,139.7,-27.0830130014
39.8,-1.13793558336,0.0,139.8,-27.0776978628
39.9,-1.13133996178,0.0,139.9,-27.0723623866
40.0,-1.12484759233,0.0,140.0,-27.0670613279
40.1,-1.11844595962,0.0,140.1,-27.0618314505
40.2,-1.11212254822,0.0,140.2,-27.0566876166
40.3,-1.10586797159,0.0,140.3,-27.0516259151
40.4,-1.09966345659,0.0,140.4,-27.0466322661
40.5,-1.09349648784,0.0,140.5,-27.0416918076
40.6,-1.0873545499,0.0,140.6,-27.0367990641
40.7,-1.08121574081,0.0,140.7,-27.0319618578
40.8,-1.07507380288,0.0,140.8,-27.0272028728
40.9,-1.06890683412,0.0,140.9,-27.0225565265
41.0,-1.06270544798,0.0,141.0,-27.0180634939
41.1,-1.0564540002,0.0,141.1,-27.0137605392
41.2,-1.05014310421,0.0,141.2,-27.0096781686
41.3,-1.04376024461,0.0,141.3,-27.0058351552
41.4,-1.03729603485,0.0,141.4,-27.0022408856
41.5,-1.0307442172,0.0,141.5,-26.9988953598
41.6,-1.02409853397,0.0,141.6,-26.9957954489
41.7,-1.01735272745,0.0,141.7,-26.9929395886
41.8,-1.01050053994,0.0,141.8,-26.9903316898
41.9,-1.00354197144,0.0,141.9,-26.9879780104
42.0,-0.99647076424,0.0,142.0,-26.98589263
42.1,-0.989283789487,0.0,142.1,-26.984087282
42.2,-0.981984176035,0.0,142.2,-26.9825713528
42.3,-0.974565666179,0.0,142.3,-26.9813495358
42.4,-0.967031388771,0.0,142.4,-26.9804171377
42.5,-0.959375086106,0.0,142.5,-26.9797632075
42.6,-0.95160301589,0.0,142.6,-26.9793705365
42.7,-0.943708920416,0.0,142.7,-26.9792211337
42.8,-0.935692799686,0.0,142.8,-26.9792915329
42.9,-0.927560911404,0.0,142.9,-26.9795629609
43.0,-0.919306997865,0.0,143.0,-26.9800111691
43.1,-0.910937316774,0.0,143.1,-26.9806142554
43.2,-0.902454996985,0.0,143.2,-26.9813487536
43.3,-0.893860038497,0.0,143.3,-26.9821880683
43.4,-0.885158699016,0.0,143.4,-26.9831063866
43.5,-0.876354107394,0.0,143.5,-26.984080242
43.6,-0.867449392484,0.0,143.6,-26.9850908615
43.7,-0.858453940845,0.0,143.7,-26.9861265117
43.8,-0.849370881328,0.0,143.8,-26.9871856284
43.9,-0.840209600494,0.0,143.9,-26.9882791624
44.0,-0.830973227193,0.0,144.0,-26.989425887
44.1,-0.821671147985,0.0,144.1,-26.9906547439
44.2,-0.812312749427,0.0,144.2,-26.9919954573
44.3,-0.802904289226,0.0,144.3,-26.9934777513
44.4,-0.793455153938,0.0,144.4,-26.9951235278
44.5,-0.783970036845,0.0,144.5,-26.9969453023
44.6,-0.774458324502,0.0,144.6,-26.998943857
44.7,-0.764924710191,0.0,144.7,-27.0011105875
44.8,-0.755377016042,0.0,144.8,-27.0034243741
44.9,-0.745819935336,0.0,144.9,-27.0058617504
45.0,-0.736262854629,0.0,145.0,-27.0083922101
45.1,-0.726708902775,0.0,145.1,-27.0109829002
45.2,-0.717162773052,0.0,145.2,-27.0136040965
45.3,-0.707630723167,0.0,145.3,-27.0162213819
45.4,-0.698117446399,0.0,145.4,-27.018805032
45.5,-0.6886260716,0.0,145.5,-27.0213268873
45.6,-0.679165985328,0.0,145.6,-27.0237603525
45.7,-0.66973875201,0.0,145.7,-27.0260850901
45.8,-0.660352193777,0.0,145.8,-27.0282885847
45.9,-0.651014132763,0.0,145.9,-27.0303637963
46.0,-0.641726133392,0.0,146.0,-27.0323169826
46.1,-0.63249445337,0.0,146.1,-27.0341606591
46.2,-0.623322221551,0.0,146.2,-27.0359167277
46.3,-0.614212566786,0.0,146.3,-27.0376125659
46.4,-0.605168617929,0.0,146.4,-27.0392794622
46.5,-0.596193503833,0.0,146.5,-27.0409471407
46.6,-0.587282531218,0.0,146.6,-27.0426414144
46.7,-0.57843726451,0.0,146.7,-27.0443865321
46.8,-0.569648317152,0.0,146.8,-27.0461965734
46.9,-0.560914124717,0.0,146.9,-27.0480809249
47.0,-0.552226865073,0.0,147.0,-27.0500419334
47.1,-0.543577151661,0.0,147.1,-27.0520749055
47.2,-0.534958726778,0.0,147.2,-27.0541704546
47.3,-0.526362203863,0.0,147.3,-27.0563105899
47.4,-0.517776631933,0.0,147.4,-27.0584765382
47.5,-0.50919262443,0.0,147.5,-27.0606424865
47.6,-0.500602359221,0.0,147.6,-27.0627802751
47.7,-0.491994885322,0.0,147.7,-27.0648633088
47.8,-0.483363945027,0.0,147.8,-27.0668610813
47.9,-0.474703280632,0.0,147.9,-27.0687501262
48.0,-0.466006634429,0.0,148.0,-27.0705054125
48.1,-0.457270877568,0.0,148.1,-27.0721089496
48.2,-0.448489752341,0.0,148.2,-27.0735466574
48.3,-0.439661694324,0.0,148.3,-27.0748099317
48.4,-0.430782010236,0.0,148.4,-27.0758940792
48.5,-0.421849135652,0.0,148.5,-27.0768014465
48.6,-0.412861506144,0.0,148.6,-27.0775367269
48.7,-0.403815992861,0.0,148.7,-27.0781116536
48.8,-0.394712595802,0.0,148.8,-27.0785395242
48.9,-0.385546621688,0.0,148.9,-27.0788383296
49.0,-0.376318070519,0.0,149.0,-27.079026843
49.1,-0.367022249017,0.0,149.1,-27.0791246196
49.2,-0.357656028327,0.0,149.2,-27.0791512149
49.3,-0.348217844024,0.0,149.3,-27.0791261841
49.4,-0.338706131682,0.0,149.4,-27.079063607
49.5,-0.329116198022,0.0,149.5,-27.0789799102
49.6,-0.319451171895,0.0,149.6,-27.0788852624
49.7,-0.309706360023,0.0,149.7,-27.0787913968
49.8,-0.29988489126,0.0,149.8,-27.0787045712
49.9,-0.289983636751,0.0,149.9,-27.0786326075
50.0,-0.280007289776,0.0,150.0,-27.0785778526
50.1,-0.269958979189,0.0,150.1,-27.0785434352
50.2,-0.259838704988,0.0,150.2,-27.0785301376
50.3,-0.249654289306,0.0,150.3,-27.0785356131
50.4,-0.239410425421,0.0,150.4,-27.0785551684
50.5,-0.229108677761,0.0,150.5,-27.0785848925
50.6,-0.218756868458,0.0,150.6,-27.0786153989
50.7,-0.208356561936,0.0,150.7,-27.0786396475
50.8,-0.197915580329,0.0,150.8,-27.0786482518
50.9,-0.187435488063,0.0,150.9,-27.0786326075
51.0,-0.17691941399,0.0,151.0,-27.0785848925
51.1,-0.166373615816,0.0,151.1,-27.0784980669
51.2,-0.15579809354,0.0,151.2,-27.0783666551
51.3,-0.145194411591,0.0,151.3,-27.0781859638
51.4,-0.134565698819,0.0,151.4,-27.0779536465
51.5,-0.123910390799,0.0,151.5,-27.077665792
51.6,-0.11323318081,0.0,151.6,-27.0773216182
51.7,-0.102532504425,0.0,151.7,-27.0769211251
51.8,-0.0918130549233,0.0,151.8,-27.076465877
51.9,-0.0810748323055,0.0,151.9,-27.0759574385
52.0,-0.0703225298504,0.0,152.0,-27.0754012849
52.1,-0.0595577119842,0.0,152.1,-27.0748028918
52.2,-0.0487850719862,0.0,152.2,-27.0741716457
52.3,-0.0380061742828,0.0,152.3,-27.0735145867
52.4,-0.0272288410057,0.0,152.4,-27.0728418833
52.5,-0.0164562010077,0.0,152.5,-27.0721613579
52.6,-0.00569294756792,0.0,152.6,-27.0714823968
52.7,0.00505466160812,0.0,152.7,-27.0708104757
52.8,0.0157866265204,0.0,152.8,-27.0701518522
52.9,0.0264966894635,0.0,152.9,-27.069512784
53.0,0.0371848504374,0.0,153.0,-27.0688971822
53.1,0.0478479805894,0.0,153.1,-27.068312869
53.2,0.0584860799194,0.0,153.2,-27.0677629731
53.3,0.0691007128538,0.0,153.3,-27.0672553168
53.4,0.0796918793926,0.0,153.4,-27.0667953754
53.5,0.0902627083886,0.0,153.5,-27.0663878423
53.6,0.100816328695,0.0,153.6,-27.0660374108
53.7,0.111357433589,0.0,153.7,-27.0657448631
53.8,0.121890716352,0.0,153.8,-27.0655101991
53.9,0.132419305836,0.0,153.9,-27.065333419
54.0,0.14294789532,0.0,154.0,-27.0652113937
54.1,0.153481178083,0.0,154.1,-27.0651394301
54.2,0.164020718552,0.0,154.2,-27.0651136171
54.3,0.174574338858,0.0,154.3,-27.0651300435
54.4,0.185142039001,0.0,154.4,-27.0651840162
54.5,0.195726947834,0.0,154.5,-27.0652724063
54.6,0.206332194211,0.0,154.6,-27.0653897383
54.7,0.216959342556,0.0,154.7,-27.0655328833
54.8,0.227611521723,0.0,154.8,-27.0656955837
54.9,0.238287167286,0.0,154.9,-27.0658731461
55.0,0.24899253695,0.0,155.0,-27.0660608772
55.1,0.259726066289,0.0,155.1,-27.0662540839
55.2,0.270490884155,0.0,155.2,-27.0664472905
55.3,0.281290119401,0.0,155.3,-27.0666381506
55.4,0.292125336454,0.0,155.4,-27.0668243173
55.5,0.303001228593,0.0,155.5,-27.0670042263
55.6,0.313919360243,0.0,155.6,-27.0671778777
55.7,0.324884424685,0.0,155.7,-27.0673460535
55.8,0.335896421918,0.0,155.8,-27.067509536
55.9,0.346960045221,0.0,155.9,-27.0676698897
56.0,0.358078423447,0.0,156.0,-27.0678318079
56.1,0.36924999217,0.0,156.1,-27.0679984193
56.2,0.380479444669,0.0,156.2,-27.0681759817
56.3,0.391766780943,0.0,156.3,-27.0683730994
56.4,0.403108872141,0.0,156.4,-27.0685960302
56.5,0.414505718261,0.0,156.5,-27.0688549427
56.6,0.425955754878,0.0,156.6,-27.0691592237
56.7,0.437457417566,0.0,156.7,-27.0695174773
56.8,0.449007577471,0.0,156.8,-27.069938308
56.9,0.46060310574,0.0,156.9,-27.0704287557
57.0,0.472240873522,0.0,157.0,-27.0709942958
57.1,0.483916187537,0.0,157.1,-27.0716388395
57.2,0.495627483358,0.0,157.2,-27.0723670799
57.3,0.507371632133,0.0,157.3,-27.0731805816
57.4,0.519147069435,0.0,157.4,-27.0740816912
57.5,0.530952230839,0.0,157.5,-27.0750727553
57.6,0.542783987491,0.0,157.6,-27.0761529917
57.7,0.554643903817,0.0,157.7,-27.0773239649
57.8,0.566530415392,0.0,157.8,-27.0785856748
57.9,0.578441957789,0.0,157.9,-27.0799357747
58.0,0.590380095434,0.0,158.0,-27.0813734826
58.1,0.602344828328,0.0,158.1,-27.0828964516
58.2,0.614334592043,0.0,158.2,-27.0845015531
58.3,0.626350951007,0.0,158.3,-27.0861856581
58.4,0.638390776366,0.0,158.4,-27.0879440733
58.5,0.650452503695,0.0,158.5,-27.0897721055
58.6,0.662536132993,0.0,158.6,-27.0916658437
58.7,0.674640099833,0.0,158.7,-27.0936174656
58.8,0.686758146511,0.0,158.8,-27.0956222779
58.9,0.698890273027,0.0,158.9,-27.0976701121
59.0,0.711034914953,0.0,159.0,-27.099753928
59.1,0.723184250158,0.0,159.1,-27.101863557
59.2,0.735339843069,0.0,159.2,-27.1039864835
59.3,0.747498564833,0.0,159.3,-27.106112539
59.4,0.75965572217,0.0,159.4,-27.1082284257
59.5,0.771811315081,0.0,159.5,-27.1103216281
59.6,0.783965343565,0.0,159.6,-27.1123811955
59.7,0.796114678771,0.0,159.7,-27.11439383
59.8,0.80826244955,0.0,159.8,-27.1163509274
59.9,0.820407091476,0.0,159.9,-27.1182415366
60.0,0.832550168976,0.0,160.0,-27.1200562712
60.1,0.844693246476,0.0,160.1,-27.1217888734
60.2,0.856839452829,0.0,160.2,-27.1234315211
60.3,0.868988788034,0.0,160.3,-27.124979521
60.4,0.881142816519,0.0,160.4,-27.1264289621
60.5,0.893306231561,0.0,160.5,-27.1277774976
60.6,0.905477468736,0.0,160.6,-27.1290243454
60.7,0.917659656895,0.0,160.7,-27.1301695055
60.8,0.929852796039,0.0,160.8,-27.1312161068
60.9,0.942058450594,0.0,160.9,-27.1321664958
61.0,0.954278184986,0.0,161.0,-27.1330238014
61.1,0.966510434789,0.0,161.1,-27.133792717
61.2,0.978755200003,0.0,161.2,-27.1344771535
61.3,0.991017173907,0.0,161.3,-27.1350810221
61.4,1.00329322765,0.0,161.4,-27.1356082338
61.5,1.01558492565,0.0,161.5,-27.1360626997
61.6,1.02789383235,0.0,161.6,-27.136449113
61.7,1.04022307659,0.0,161.7,-27.136772167
61.8,1.05257265837,0.0,161.8,-27.1370365551
61.9,1.06494414212,0.0,161.9,-27.1372461882
62.0,1.07734222112,0.0,162.0,-27.1374065419
62.1,1.08976845979,0.0,162.1,-27.1375215273
62.2,1.10222442256,0.0,162.2,-27.1375974019
62.3,1.11471480272,0.0,162.3,-27.1376372948
62.4,1.12723960025,0.0,162.4,-27.1376466814
62.5,1.13980194402,0.0,162.5,-27.1376302549
62.6,1.15240496288,0.0,162.6,-27.1375934909
62.7,1.16504709239,0.0,162.7,-27.1375410826
62.8,1.17772989699,0.0,162.8,-27.1374777233
62.9,1.19045337667,0.0,162.9,-27.137410453
63.0,1.20321909587,0.0,163.0,-27.1373431827
63.1,1.21602236129,0.0,163.1,-27.13728217
63.2,1.22886317296,0.0,163.2,-27.1372321084
63.3,1.24173996643,0.0,163.3,-27.1371984732
63.4,1.25465117727,0.0,163.4,-27.1371843934
63.5,1.26759524108,0.0,163.5,-27.1371953444
63.6,1.28056746455,0.0,163.6,-27.137234455
63.7,1.29356941213,0.0,163.7,-27.1373048542
63.8,1.30659639053,0.0,163.8,-27.1374081063
63.9,1.31964839975,0.0,163.9,-27.1375465581
64.0,1.3327254398,0.0,164.0,-27.137722556
64.1,1.34582438181,0.0,164.1,-27.1379361002
64.2,1.35894679022,0.0,164.2,-27.1381871907
64.3,1.3720911006,0.0,164.3,-27.1384758273
64.4,1.38525887737,0.0,164.4,-27.138801228
64.5,1.39845012054,0.0,164.5,-27.1391626105
64.6,1.41166170125,0.0,164.6,-27.1395584104
64.7,1.42489674836,0.0,164.7,-27.1399870632
64.8,1.43815213301,0.0,164.8,-27.1404470046
64.9,1.45142941963,0.0,164.9,-27.14093667
65.0,1.46472704379,0.0,165.0,-27.1414544952
65.1,1.47804344107,0.0,165.1,-27.1419973511
65.2,1.49137704704,0.0,165.2,-27.1425644557
65.3,1.50472473285,0.0,165.3,-27.1431534622
65.4,1.51808806292,0.0,165.4,-27.1437628063
65.5,1.53146077955,0.0,165.5,-27.1443901412
65.6,1.54484444716,0.0,165.6,-27.1450354671
65.7,1.5582359369,0.0,165.7,-27.1456964373
65.8,1.57163368435,0.0,165.8,-27.1463730517
65.9,1.58503612508,0.0,165.9,-27.1470653103
66.0,1.59844482352,0.0,166.0,-27.1477732133
66.1,1.61185665081,0.0,166.1,-27.1484967605
66.2,1.62527160695,0.0,166.2,-27.1492367341
66.3,1.63869282079,0.0,166.3,-27.1499931343
66.4,1.65211716349,0.0,166.4,-27.1507675254
66.5,1.66554932832,0.0,166.5,-27.1515591251
66.6,1.67898775086,0.0,166.6,-27.152369498
66.7,1.69243399552,0.0,166.7,-27.1531986439
66.8,1.70589119118,0.0,166.8,-27.1540481275
66.9,1.71935777339,0.0,166.9,-27.1549187307
67.0,1.73283530658,0.0,167.0,-27.155811236
67.1,1.74632535519,0.0,167.1,-27.1567256432
67.2,1.75982635478,0.0,167.2,-27.1576627346
67.3,1.77334143421,0.0,167.3,-27.1586232924
67.4,1.78686902905,0.0,167.4,-27.1596065344
67.5,1.80041070372,0.0,167.5,-27.1606124605
67.6,1.81396332939,0.0,167.6,-27.1616402886
67.7,1.82752847046,0.0,167.7,-27.1626900187
67.8,1.84110769137,0.0,167.8,-27.1637608686
67.9,1.85469942769,0.0,167.9,-27.164852056
68.0,1.86830367942,0.0,168.0,-27.1659620165
68.1,1.88192201099,0.0,168.1,-27.1670907501
68.2,1.89555598682,0.0,168.2,-27.1682374746
68.3,1.90920717134,0.0,168.3,-27.1693998434
68.4,1.92287556456,0.0,168.4,-27.1705778565
68.5,1.93656429531,0.0,168.5,-27.1717699494
68.6,1.95027492804,0.0,168.6,-27.1729745577
68.7,1.96400902716,0.0,168.7,-27.174190117
68.8,1.9777681571,0.0,168.8,-27.1754158451
68.9,1.99155544671,0.0,168.9,-27.1766501775
69.0,2.00537246043,0.0,169.0,-27.177892332
69.1,2.01922076268,0.0,169.1,-27.1791407442
69.2,2.03309878902,0.0,169.2,-27.1803938498
69.3,2.04700966833,0.0,169.3,-27.1816516486
69.4,2.06095340058,0.0,169.4,-27.1829133584
69.5,2.07492842136,0.0,169.5,-27.1841781972
69.6,2.08893473067,0.0,169.6,-27.1854453825
69.7,2.10297232851,0.0,169.7,-27.1867133501
69.8,2.11703965044,0.0,169.8,-27.1879836643
69.9,2.13113513206,0.0,169.9,-27.1892547607
70.0,2.14525720892,0.0,170.0,-27.1905258572
70.1,2.15940744545,0.0,170.1,-27.191798518
70.2,2.17358114838,0.0,170.2,-27.1930703967
70.3,2.18777988214,0.0,170.3,-27.1943438397
70.4,2.20200051786,0.0,170.4,-27.1956165006
70.5,2.21624461998,0.0,170.5,-27.1968891614
70.6,2.23051218849,0.0,170.6,-27.1981618223
70.7,2.24480009454,0.0,170.7,-27.1994337009
70.8,2.25910990257,0.0,170.8,-27.2007055796
70.9,2.27344161256,0.0,170.9,-27.2019758938
71.0,2.28779522453,0.0,171.0,-27.2032454258
71.1,2.30216917403,0.0,171.1,-27.2045133934
71.2,2.31656346108,0.0,171.2,-27.2057797965
71.3,2.3309796501,0.0,171.3,-27.207043853
71.4,2.34541461224,0.0,171.4,-27.2083047807
71.5,2.35986834749,0.0,171.5,-27.2095633617
71.6,2.37433929143,0.0,171.6,-27.2108180316
71.7,2.38882587964,0.0,171.7,-27.2120672261
71.8,2.4033281121,0.0,171.8,-27.2133125095
71.9,2.41784442441,0.0,171.9,-27.214550753
72.0,2.4323716877,0.0,172.0,-27.2157827387
72.1,2.44690833755,0.0,172.1,-27.2170084668
72.2,2.46145593838,0.0,172.2,-27.2182263727
72.3,2.47601136135,0.0,172.3,-27.2194372387
72.4,2.49057304202,0.0,172.4,-27.2206402826
72.5,2.5051409804,0.0,172.5,-27.2218355044
72.6,2.51971361205,0.0,172.6,-27.2230236862
72.7,2.53429250141,0.0,172.7,-27.2242048281
72.8,2.54887921291,0.0,172.8,-27.2253789301
72.9,2.56347218211,0.0,172.9,-27.2265467744
73.0,2.57807453786,0.0,173.0,-27.2277067965
73.1,2.59268628018,0.0,173.1,-27.228860561
73.2,2.60730740905,0.0,173.2,-27.2300080677
73.3,2.62193948891,0.0,173.3,-27.2311485346
73.4,2.63658408418,0.0,173.4,-27.2322827437
73.5,2.65124275928,0.0,173.5,-27.2334106951
73.6,2.66591551423,0.0,173.6,-27.2345316066
73.7,2.68060234901,0.0,173.7,-27.2356462604
73.8,2.69530482805,0.0,173.8,-27.2367546565
73.9,2.71001982251,0.0,173.9,-27.2378567948
74.0,2.72474733238,0.0,174.0,-27.2389526755
74.1,2.73948892208,0.0,174.1,-27.2400422985
74.2,2.75424302719,0.0,174.2,-27.2411248815
74.3,2.76901121215,0.0,174.3,-27.2422019891
74.4,2.78379034808,0.0,174.4,-27.2432720567
74.5,2.79858512828,0.0,174.5,-27.2443366489
74.6,2.81339085947,0.0,174.6,-27.2453942011
74.7,2.82821223492,0.0,174.7,-27.2464462778
74.8,2.84304612578,0.0,174.8,-27.2474928791
74.9,2.85789878975,0.0,174.9,-27.2485324404
75.0,2.87276709799,0.0,175.0,-27.249565744
75.1,2.88765574378,0.0,175.1,-27.2505927899
75.2,2.90256785596,0.0,175.2,-27.2516135781
75.3,2.9175018701,0.0,175.3,-27.2526273264
75.4,2.93246091507,0.0,175.4,-27.2536340348
75.5,2.94744499086,0.0,175.5,-27.2546337033
75.6,2.96245722633,0.0,175.6,-27.2556263318
75.7,2.97749605704,0.0,175.7,-27.2566119204
75.8,2.99256461186,0.0,175.8,-27.2575896869
75.9,3.00766289078,0.0,175.9,-27.2585596312
76.0,3.02278932937,0.0,176.0,-27.2595217535
76.1,3.03794392763,0.0,176.1,-27.2604760535
76.2,3.05312668558,0.0,176.2,-27.2614225315
76.3,3.06833447434,0.0,176.3,-27.2623611873
76.4,3.08356885835,0.0,176.4,-27.2632928032
76.5,3.09882827318,0.0,176.5,-27.2642173792
76.6,3.11411271884,0.0,176.6,-27.2651349153
76.7,3.12942063089,0.0,176.7,-27.2660469759
76.8,3.14475044491,0.0,176.8,-27.2669535609
76.9,3.16010372532,0.0,176.9,-27.2678554527
77.0,3.17547890771,0.0,177.0,-27.2687534335
77.1,3.19087599206,0.0,177.1,-27.2696498498
77.2,3.20629654281,0.0,177.2,-27.2705439195
77.3,3.2217374311,0.0,177.3,-27.2714379891
77.4,3.23720335022,0.0,177.4,-27.2723336232
77.5,3.2526911713,0.0,177.5,-27.273231604
77.6,3.26820089435,0.0,177.6,-27.274134278
77.7,3.2837340838,0.0,177.7,-27.2750424275
77.8,3.29928917522,0.0,177.8,-27.2759568347
77.9,3.31486303975,0.0,177.9,-27.2768806285
78.0,3.33045880626,0.0,178.0,-27.277814591
78.1,3.34607334588,0.0,178.1,-27.2787595046
78.2,3.36170665861,0.0,178.2,-27.2797177157
78.3,3.37735561561,0.0,178.3,-27.2806892245
78.4,3.39301865245,0.0,178.4,-27.2816748131
78.5,3.40869576912,0.0,178.5,-27.2826768282
78.6,3.42438383678,0.0,178.6,-27.2836952698
78.7,3.440081291,0.0,178.7,-27.28473092
78.8,3.4557896962,0.0,178.8,-27.2857845612
78.9,3.47150592353,0.0,178.9,-27.286855411
79.0,3.48723153743,0.0,179.0,-27.287945034
79.1,3.50296497345,0.0,179.1,-27.2890526479
79.2,3.51870623161,0.0,179.2,-27.2901798171
79.3,3.53445531189,0.0,179.3,-27.2913249772
79.4,3.55021221431,0.0,179.4,-27.2924889104
79.5,3.56597850329,0.0,179.5,-27.2936708345
79.6,3.58175574325,0.0,179.6,-27.2948715318
79.7,3.5975439342,0.0,179.7,-27.2960894377
79.8,3.61334307613,0.0,179.8,-27.2973253345
79.9,3.62915473347,0.0,179.9,-27.29857844
80.0,3.64497890623,0.0,180.0,-27.299847972
80.1,3.66081559439,0.0,180.1,-27.3011331483
80.2,3.67666479797,0.0,180.2,-27.3024339688
80.3,3.69252651695,0.0,180.3,-27.3037496514
80.4,3.70840231578,0.0,180.4,-27.3050794138
80.5,3.72428906558,0.0,180.5,-27.3064216917
80.6,3.74018989523,0.0,180.6,-27.3077764849
80.7,3.75610324029,0.0,180.7,-27.3091430113
80.8,3.77202753633,0.0,180.8,-27.3105189243
80.9,3.78796434778,0.0,180.9,-27.3119050061
81.0,3.80391523907,0.0,181.0,-27.3132981278
81.1,3.81987708134,0.0,181.1,-27.3146990716
81.2,3.83585456788,0.0,181.2,-27.3161062731
81.3,3.85184613426,0.0,181.3,-27.3175189501
81.4,3.86785490932,0.0,181.4,-27.3189355382
81.5,3.88387932865,0.0,181.5,-27.3203552551
81.6,3.89992095667,0.0,181.6,-27.3217773187
81.7,3.91598448666,0.0,181.7,-27.3232017289
81.8,3.93206678976,0.0,181.8,-27.3246261391
81.9,3.94817255926,0.0,181.9,-27.3260513316
82.0,3.96430179516,0.0,182.0,-27.327476524
82.1,3.98045449745,0.0,182.1,-27.328900152
82.2,3.99663379499,0.0,182.2,-27.3303222156
82.3,4.01283655893,0.0,182.3,-27.3317427147
82.4,4.02906591811,0.0,182.4,-27.3331616494
82.5,4.04531874369,0.0,182.5,-27.3345774553
82.6,4.06159972894,0.0,182.6,-27.3359901323
82.7,4.07790418059,0.0,182.7,-27.3374004627
82.8,4.09423366306,0.0,182.8,-27.3388076642
82.9,4.11058817636,0.0,182.9,-27.3402109547
83.0,4.12696615605,0.0,183.0,-27.3416111163
83.1,4.14336916656,0.0,183.1,-27.3430073668
83.2,4.15979407904,0.0,183.2,-27.3444004885
83.3,4.17624245791,0.0,183.3,-27.3457889169
83.4,4.19271273876,0.0,183.4,-27.3471742164
83.5,4.20920805042,0.0,183.5,-27.3485556049
83.6,4.22572526406,0.0,183.6,-27.3499323001
83.7,4.24226750852,0.0,183.7,-27.3513058665
83.8,4.25883165495,0.0,183.8,-27.3526747396
83.9,4.27541926777,0.0,183.9,-27.3540389194
84.0,4.29203191141,0.0,184.0,-27.3553991881
84.1,4.30866645703,0.0,184.1,-27.3567555458
84.2,4.32532603346,0.0,184.2,-27.3581072101
84.3,4.34200751187,0.0,184.3,-27.3594541813
84.4,4.35871089224,0.0,184.4,-27.3607964591
84.5,4.37543617459,0.0,184.5,-27.3621340436
84.6,4.39218179447,0.0,184.6,-27.3634677171
84.7,4.40894618748,0.0,184.7,-27.3647959151
84.8,4.4257293536,0.0,184.8,-27.366120202
84.9,4.44252972841,0.0,184.9,-27.3674390135
85.0,4.45934418305,0.0,185.0,-27.3687539138
85.1,4.47617428196,0.0,185.1,-27.3700633387
85.2,4.49301846071,0.0,185.2,-27.3713688525
85.3,4.50987515487,0.0,185.3,-27.372669673
85.4,4.52674280001,0.0,185.4,-27.3739650181
85.5,4.54362139614,0.0,185.5,-27.3752572342
85.6,4.56051250768,0.0,185.6,-27.3765439749
85.7,4.57741300578,0.0,185.7,-27.3778275868
85.8,4.59432445486,0.0,185.8,-27.3791065053
85.9,4.61124685493,0.0,185.9,-27.380382295
86.0,4.62818020598,0.0,186.0,-27.3816549559
86.1,4.64512450801,0.0,186.1,-27.3829237057
86.2,4.66208132546,0.0,186.2,-27.384190891
86.3,4.67904909389,0.0,186.3,-27.3854557298
86.4,4.69602781331,0.0,186.4,-27.3867182218
86.5,4.71302061256,0.0,186.5,-27.3879799317
86.6,4.7300243628,0.0,186.6,-27.3892400772
86.7,4.74704062845,0.0,186.7,-27.3905002226
86.8,4.76406940951,0.0,186.8,-27.3917595858
86.9,4.78110914155,0.0,186.9,-27.3930197313
87.0,4.79816138901,0.0,187.0,-27.3942806589
87.1,4.81522458745,0.0,187.1,-27.3955415866
87.2,4.8323003013,0.0,187.2,-27.3968048609
87.3,4.84938696613,0.0,187.3,-27.3980689174
87.4,4.86648614638,0.0,187.4,-27.3993353205
87.5,4.88359627761,0.0,187.5,-27.4006032881
87.6,4.90071892425,0.0,187.6,-27.4018743845
87.7,4.91785565073,0.0,187.7,-27.4031470454
87.8,4.93500489262,0.0,187.8,-27.4044220529
87.9,4.95216977878,0.0,187.9,-27.405699407
88.0,4.96934874477,0.0,188.0,-27.40697989
88.1,4.98654491945,0.0,188.1,-27.4082627196
88.2,5.00375986725,0.0,188.2,-27.4095478959
88.3,5.02099202374,0.0,188.3,-27.4108354188
88.4,5.03824295334,0.0,188.4,-27.4121252883
88.5,5.05551578492,0.0,188.5,-27.4134175045
88.6,5.07280895403,0.0,188.6,-27.4147120674
88.7,5.09012558955,0.0,188.7,-27.4160081946
88.8,5.1074625626,0.0,188.8,-27.4173066685
88.9,5.12482300205,0.0,188.9,-27.4186067068
89.0,5.14220534347,0.0,189.0,-27.4199083095
89.1,5.15961115129,0.0,189.1,-27.4212114767
89.2,5.1770404255,0.0,189.2,-27.4225162083
89.3,5.19449160168,0.0,189.3,-27.4238217221
89.4,5.21196624425,0.0,189.4,-27.4251280181
89.5,5.2294627888,0.0,189.5,-27.4264350964
89.6,5.24698279974,0.0,189.6,-27.4277429568
89.7,5.26452471265,0.0,189.7,-27.4290508173
89.8,5.28208852753,0.0,189.8,-27.4303602421
89.9,5.29967737323,0.0,189.9,-27.4316688848
90.0,5.31728655647,0.0,190.0,-27.4329790919
90.1,5.33492077054,0.0,190.1,-27.4342885168
90.2,5.352578451,0.0,190.2,-27.4355987238
90.3,5.37025959786,0.0,190.3,-27.4369097131
90.4,5.38796421111,0.0,190.4,-27.4382207024
90.5,5.40569229076,0.0,190.5,-27.4395316917
90.6,5.42344540123,0.0,190.6,-27.4408434633
90.7,5.44122041367,0.0,190.7,-27.442156017
90.8,5.45902045693,0.0,190.8,-27.4434693529
90.9,5.47684240216,0.0,190.9,-27.4447834711
91.0,5.49468781379,0.0,191.0,-27.4460983714
91.1,5.51255356296,0.0,191.1,-27.4474148362
91.2,5.53044121409,0.0,191.2,-27.4487328655
91.3,5.54834920277,0.0,191.3,-27.4500524591
91.4,5.56627596457,0.0,191.4,-27.4513736172
91.5,5.58422149949,0.0,191.5,-27.4526971219
91.6,5.60218267866,0.0,191.6,-27.4540229732
91.7,5.62016263096,0.0,191.7,-27.4553511712
91.8,5.63815666309,0.0,191.8,-27.4566817158
91.9,5.65616633948,0.0,191.9,-27.4580146071
92.0,5.67419009572,0.0,192.0,-27.4593514095
92.1,5.69222793179,0.0,192.1,-27.4606905584
92.2,5.71027984769,0.0,192.2,-27.4620336185
92.3,5.72834427901,0.0,192.3,-27.4633798074
92.4,5.74642435459,0.0,192.4,-27.4647299073
92.5,5.76451381673,0.0,192.5,-27.4660831361
92.6,5.78261422986,0.0,192.6,-27.467440276
92.7,5.80072246511,0.0,192.7,-27.468801327
92.8,5.81884008693,0.0,192.8,-27.470166289
92.9,5.83697022416,0.0,192.9,-27.471535162
93.0,5.85511131237,0.0,193.0,-27.4729079462
93.1,5.87326491599,0.0,193.1,-27.4742846414
93.2,5.89143259945,0.0,193.2,-27.4756660299
93.3,5.90961123389,0.0,193.3,-27.4770513294
93.4,5.9278055126,0.0,193.4,-27.47844054
93.5,5.94601230671,0.0,193.5,-27.4798344439
93.6,5.9642347451,0.0,193.6,-27.4812314767
93.7,5.98247595659,0.0,193.7,-27.4826332027
93.8,6.00073594121,0.0,193.8,-27.4840380576
93.9,6.01901313451,0.0,193.9,-27.4854476058
94.0,6.03730753651,0.0,194.0,-27.4868602828
94.1,6.05561601834,0.0,194.1,-27.4882760886
94.2,6.07393388673,0.0,194.2,-27.4896958056
94.3,6.09226427053,0.0,194.3,-27.4911178691
94.4,6.11060716974,0.0,194.4,-27.4925430616
94.5,6.12896258437,0.0,194.5,-27.4939706006
94.6,6.14733207883,0.0,194.6,-27.4954004863
94.7,6.16571252427,0.0,194.7,-27.4968327187
94.8,6.18410235628,0.0,194.8,-27.4982665155
94.9,6.20250470369,0.0,194.9,-27.4997018767
95.0,6.22091956652,0.0,195.0,-27.5011380201
95.1,6.23934694475,0.0,195.1,-27.5025749457
95.2,6.25779309611,0.0,195.2,-27.5040118713
95.3,6.27625802058,0.0,195.3,-27.5054495791
95.4,6.29474484701,0.0,195.4,-27.5068865048
95.5,6.31325357542,0.0,195.5,-27.5083234304
95.6,6.3317842058,0.0,195.6,-27.5097595738
95.7,6.35033830257,0.0,195.7,-27.5111941528
95.8,6.36891586574,0.0,195.8,-27.5126271673
95.9,6.38751845973,0.0,195.9,-27.5140586175
96.0,6.40614764897,0.0,196.0,-27.5154885032
96.1,6.42480186903,0.0,196.1,-27.5169160422
96.2,6.44348268434,0.0,196.2,-27.5183412347
96.3,6.46218540162,0.0,196.3,-27.5197632982
96.4,6.48091002086,0.0,196.4,-27.5211837974
96.5,6.49965497765,0.0,196.5,-27.5226003855
96.6,6.51841870756,0.0,196.6,-27.5240146269
96.7,6.53720277501,0.0,196.7,-27.5254249573
96.8,6.55600718,0.0,196.8,-27.5268321588
96.9,6.57483192254,0.0,196.9,-27.5282362315
97.0,6.59367700261,0.0,197.0,-27.5296371753
97.1,6.61253929138,0.0,197.1,-27.5310349902
97.2,6.63142191769,0.0,197.2,-27.5324281119
97.3,6.65032331712,0.0,197.3,-27.533818887
97.4,6.66924505409,0.0,197.4,-27.535205751
97.5,6.68819025746,0.0,197.5,-27.5365894861
97.6,6.70716049164,0.0,197.6,-27.5379693101
97.7,6.7261526278,0.0,197.7,-27.5393460053
97.8,6.7451713592,0.0,197.8,-27.5407195717
97.9,6.76421199258,0.0,197.9,-27.5420900092
98.0,6.78327452792,0.0,198.0,-27.5434573179
98.1,6.80236052966,0.0,198.1,-27.5448214976
98.2,6.82146843337,0.0,198.2,-27.5461833308
98.3,6.84059980347,0.0,198.3,-27.5475420351
98.4,6.85974994669,0.0,198.4,-27.5488976106
98.5,6.87891886303,0.0,198.5,-27.5502516216
98.6,6.89810498806,0.0,198.6,-27.5516025038
98.7,6.91730675735,0.0,198.7,-27.5529510393
98.8,6.93652104205,0.0,198.8,-27.5542980104
98.9,6.95574940659,0.0,198.9,-27.5556426349
99.0,6.97498872211,0.0,199.0,-27.5569856949
99.1,6.99424211747,0.0,199.1,-27.5583264083
99.2,7.01350802825,0.0,199.2,-27.5596655573
99.3,7.03278645443,0.0,199.3,-27.561003924
99.4,7.0520758316,0.0,199.4,-27.5623399442
99.5,7.07137772417,0.0,199.5,-27.5636751821
99.6,7.09069213216,0.0,199.6,-27.5650088556
99.7,7.11002218442,0.0,199.7,-27.5663417468
99.8,7.12936631651,0.0,199.8,-27.5676738559
99.9,7.14872609286,0.0,199.9,-27.5690051827
100.0,7.16810151348,0.0,200.0,-27.5703349451
