Time,Tension Stroke,Vessel Heave,Time,Riser Stretch
0.0,0.0,0.0,100.0,0.106919155972
0.1,-0.0407705156822,0.0,100.1,0.087640729789
0.2,-0.0785169951872,0.0,100.2,0.0686282560894
0.3,-0.11324569622,0.0,100.3,0.0499975024246
0.4,-0.144962876488,0.0,100.4,0.0317562909264
0.5,-0.173677922547,0.0,100.5,0.0138655109355
0.6,-0.199406478662,0.0,100.6,-0.00369048181168
0.7,-0.222167317949,0.0,100.7,-0.0208897853461
0.8,-0.24198547123,0.0,100.8,-0.0376964178611
0.9,-0.258896920312,0.0,100.9,-0.0540743975502
1.0,-0.272940775854,0.0,101.0,-0.0700127734287
1.1,-0.284165535073,0.0,101.1,-0.0855224964813
1.2,-0.292632210599,0.0,101.2,-0.10064580622
1.3,-0.298411201617,0.0,101.3,-0.115442150847
1.4,-0.3015838583,0.0,101.4,-0.129964720859
1.5,-0.302245610655,0.0,101.5,-0.144238547077
1.6,-0.300510661809,0.0,101.6,-0.158249549665
1.7,-0.296505730296,0.0,101.7,-0.171972697801
1.8,-0.29037630777,0.0,101.8,-0.185400169353
1.9,-0.282289787853,0.0,101.9,-0.19854917301
2.0,-0.272437030562,0.0,102.0,-0.211457255006
2.1,-0.261024540178,0.0,102.1,-0.224151010588
2.2,-0.24828541623,0.0,102.2,-0.236636697464
2.3,-0.234473095791,0.0,102.3,-0.2489064935
2.4,-0.21985978905,0.0,102.4,-0.260952576565
2.5,-0.204734914885,0.0,102.5,-0.272776511085
2.6,-0.189403536439,0.0,102.6,-0.284411150014
2.7,-0.174180103412,0.0,102.7,-0.295912812701
2.8,-0.159386887638,0.0,102.8,-0.307369107024
2.9,-0.145346160949,0.0,102.9,-0.318867640858
3.0,-0.132378630751,0.0,103.0,-0.330478813392
3.1,-0.120792489039,0.0,103.1,-0.342254250694
3.2,-0.110881847972,0.0,103.2,-0.354231498999
3.3,-0.102922046591,0.0,103.3,-0.366449668964
3.4,-0.0971618286894,0.0,103.4,-0.378961951088
3.5,-0.0938186495323,0.0,103.5,-0.391816842587
3.6,-0.093081804711,0.0,103.6,-0.405048760842
3.7,-0.095099914731,0.0,103.7,-0.418649883721
3.8,-0.0999856182909,0.0,103.8,-0.432577971711
3.9,-0.107810879004,0.0,103.9,-0.446750110216
4.0,-0.118608549824,0.0,104.0,-0.461072433652
4.1,-0.132377066324,0.0,104.1,-0.475441689879
4.2,-0.149069495714,0.0,104.2,-0.489762448889
4.3,-0.168612309954,0.0,104.3,-0.503945538378
4.4,-0.190895999198,0.0,104.4,-0.51790335047
4.5,-0.215782893924,0.0,104.5,-0.531535761876
4.6,-0.243107164939,0.0,104.6,-0.544741084882
4.7,-0.272688903208,0.0,104.7,-0.557417631775
4.8,-0.304320040024,0.0,104.8,-0.569495003367
4.9,-0.337786248976,0.0,104.9,-0.580935653426
5.0,-0.372859123811,0.0,105.0,-0.591742710804
5.1,-0.409302436148,0.0,105.1,-0.601939641897
5.2,-0.446878393178,0.0,105.2,-0.611563992938
5.3,-0.485344508814,0.0,105.3,-0.620650181307
5.4,-0.524461425821,0.0,105.4,-0.629234188811
5.5,-0.563997609096,0.0,105.5,-0.637351997255
5.6,-0.603719959109,0.0,105.6,-0.645056797138
5.7,-0.643409456168,0.0,105.7,-0.652409601086
5.8,-0.682854902713,0.0,105.8,-0.659476115009
5.9,-0.721857616595,0.0,105.9,-0.666317351534
6.0,-0.760231431075,0.0,106.0,-0.672972421321
6.1,-0.797810516958,0.0,106.1,-0.679456968633
6.2,-0.834443124886,0.0,106.2,-0.685774122323
6.3,-0.869986892059,0.0,106.3,-0.691914495834
6.4,-0.904319793221,0.0,106.4,-0.69787965359
6.5,-0.937338576229,0.0,106.5,-0.703686804283
6.6,-0.96894624665,0.0,106.6,-0.709353156603
6.7,-0.999067712018,0.0,106.7,-0.714900612518
6.8,-1.02764665298,0.0,106.8,-0.720346380719
6.9,-1.05462987905,0.0,106.9,-0.72570610547
7.0,-1.07998610169,0.0,107.0,-0.731001688739
7.1,-1.10368090352,0.0,107.1,-0.736265983481
7.2,-1.12570176913,0.0,107.2,-0.741556873472
7.3,-1.14603305426,0.0,107.3,-0.746941629044
7.4,-1.16466537235,0.0,107.4,-0.752495342665
7.5,-1.18160185226,0.0,107.5,-0.758285284668
7.6,-1.19684562283,0.0,107.6,-0.764361516697
7.7,-1.21040294177,0.0,107.7,-0.770760020559
7.8,-1.22228632449,0.0,107.8,-0.777502698222
7.9,-1.23250515755,0.0,107.9,-0.784611451657
8.0,-1.24106882751,0.0,108.0,-0.792097231847
8.1,-1.24800236519,0.0,108.1,-0.799967860925
8.2,-1.25332454371,0.0,108.2,-0.808215516759
8.3,-1.25706978044,0.0,108.3,-0.816810475247
8.4,-1.25927562163,0.0,108.4,-0.825710496877
8.5,-1.25999212891,0.0,108.5,-0.834857697875
8.6,-1.25927562163,0.0,108.6,-0.844203581022
8.7,-1.25719806341,0.0,108.7,-0.853707471232
8.8,-1.25384080441,0.0,108.8,-0.86334590211
8.9,-1.24930083908,0.0,108.9,-0.873107922672
9.0,-1.24368454841,0.0,109.0,-0.882993532917
9.1,-1.23712021535,0.0,109.1,-0.893004297271
9.2,-1.22974863828,0.0,109.2,-0.903148037868
9.3,-1.22171374444,0.0,109.3,-0.913443527822
9.4,-1.2131751053,0.0,109.4,-0.92391892681
9.5,-1.20429542121,0.0,109.5,-0.934621167621
9.6,-1.19525303678,0.0,109.6,-0.9456003119
9.7,-1.18622003891,0.0,109.7,-0.956901728012
9.8,-1.1773747722,0.0,109.8,-0.96855826891
9.9,-1.16889245241,0.0,109.9,-0.980582450006
10.0,-1.16095142415,0.0,110.0,-0.992968013593
10.1,-1.1537112589,0.0,110.1,-1.00569149328
10.2,-1.1473283993,0.0,110.2,-1.01871690725
10.3,-1.14195303028,0.0,110.3,-1.03199888715
10.4,-1.13771030596,0.0,110.4,-1.04548111362
10.5,-1.13472538044,0.0,110.5,-1.05909162306
10.6,-1.13309524816,0.0,110.6,-1.07274124316
10.7,-1.13291690356,0.0,110.7,-1.08633610833
10.8,-1.13425605253,0.0,110.8,-1.09977453087
10.9,-1.13716275673,0.0,110.9,-1.11296420961
11.0,-1.14167143354,0.0,111.0,-1.12583161652
11.1,-1.14780085606,0.0,111.1,-1.13831730339
11.2,-1.15554163775,0.0,111.2,-1.15037903072
11.3,-1.16488126319,0.0,111.3,-1.16198550998
11.4,-1.1757790573,0.0,111.4,-1.17311640361
11.5,-1.18817870072,0.0,111.5,-1.18375919622
11.6,-1.20201448756,0.0,111.6,-1.19391545223
11.7,-1.21720193878,0.0,111.7,-1.20359768705
11.8,-1.23363154454,0.0,111.8,-1.21283249592
11.9,-1.2512000527,0.0,111.9,-1.22164960296
12.0,-1.26978230914,0.0,112.0,-1.23007873225
12.1,-1.28924377321,0.0,112.1,-1.23814178577
12.2,-1.30945303309,0.0,112.2,-1.24584502123
12.3,-1.33026303269,0.0,112.3,-1.25318843862
12.4,-1.35153297364,0.0,112.4,-1.26016421581
12.5,-1.37311267102,0.0,112.5,-1.26676765953
12.6,-1.3948644553,0.0,112.6,-1.27298781878
12.7,-1.41664439925,0.0,112.7,-1.2788200003
12.8,-1.43832734876,0.0,112.8,-1.28425325309
12.9,-1.45978502088,0.0,112.9,-1.28927975502
13.0,-1.48090477691,0.0,113.0,-1.29389324839
13.1,-1.50158649354,0.0,113.1,-1.29810155533
13.2,-1.52173630522,0.0,113.2,-1.30192032011
13.3,-1.5412697329,0.0,113.3,-1.3053902178
13.4,-1.56011481298,0.0,113.4,-1.30856600333
13.5,-1.57821835495,0.0,113.5,-1.31151181819
13.6,-1.59552403948,0.0,113.6,-1.31430431927
13.7,-1.61199744918,0.0,113.7,-1.31701547017
13.8,-1.62759790896,0.0,113.8,-1.31972505665
13.9,-1.64229725915,0.0,113.9,-1.32250660674
14.0,-1.65607985549,0.0,114.0,-1.3254352129
14.1,-1.66892066715,0.0,114.1,-1.32857970991
14.2,-1.68080092102,0.0,114.2,-1.33199798153
14.3,-1.69171123054,0.0,114.3,-1.33573539614
14.4,-1.7016390803,0.0,114.4,-1.33981385569
14.5,-1.71057195488,0.0,114.5,-1.34424274675
14.6,-1.71850672544,0.0,114.6,-1.34900798948
14.7,-1.72543087656,0.0,114.7,-1.35409237519
14.8,-1.7313412794,0.0,114.8,-1.35946930863
14.9,-1.7362410628,0.0,114.9,-1.3651090657
15.0,-1.74013022676,0.0,115.0,-1.37098505115
15.1,-1.74302128669,0.0,115.1,-1.37706910531
15.2,-1.74492362916,0.0,115.2,-1.38333463293
15.3,-1.74586541384,0.0,115.3,-1.3897628609
15.4,-1.74586854269,0.0,115.4,-1.39634596707
15.5,-1.74497056195,0.0,115.5,-1.40309020916
15.6,-1.74321214671,0.0,115.6,-1.41001123143
15.7,-1.74064335861,0.0,115.7,-1.41714501569
15.8,-1.73731738814,0.0,115.8,-1.42452441488
15.9,-1.73329368351,0.0,115.9,-1.43219166853
16.0,-1.72864733719,0.0,116.0,-1.44017962959
16.1,-1.72344405507,0.0,116.1,-1.44851802215
16.2,-1.71776518734,0.0,116.2,-1.45723031262
16.3,-1.71168895531,0.0,116.3,-1.46633058082
16.4,-1.70529983801,0.0,116.4,-1.4758203912
16.5,-1.6986791856,0.0,116.5,-1.48568879275
16.6,-1.69191773482,0.0,116.6,-1.49590762581
16.7,-1.68510309355,0.0,116.7,-1.50643308645
16.8,-1.67832286965,0.0,116.8,-1.51720416202
16.9,-1.67167092871,0.0,116.9,-1.52815201777
17.0,-1.66523487862,0.0,117.0,-1.53920156123
17.1,-1.65909606954,0.0,117.1,-1.55027769995
17.2,-1.65334836705,0.0,117.2,-1.56131316358
17.3,-1.64806999247,0.0,117.3,-1.57224381064
17.4,-1.64333916712,0.0,117.4,-1.58301019293
17.5,-1.63924037002,0.0,117.5,-1.59356850652
17.6,-1.63583304938,0.0,117.6,-1.60387807631
17.7,-1.63318916881,0.0,117.7,-1.61392012919
17.8,-1.63135566111,0.0,117.8,-1.62368058533
17.9,-1.6303825879,0.0,117.9,-1.63316726685
18.0,-1.63030436658,0.0,118.0,-1.64238799588
18.1,-1.63114289912,0.0,118.1,-1.65136310998
18.2,-1.63291070092,0.0,118.2,-1.66010356012
18.3,-1.63560777199,0.0,118.3,-1.66862342614
18.4,-1.63921846805,0.0,118.4,-1.6769258369
18.5,-1.64372088715,0.0,118.5,-1.68501079239
18.6,-1.6490743542,0.0,118.6,-1.69287047048
18.7,-1.65522880754,0.0,118.7,-1.70048922691
18.8,-1.66212792785,0.0,118.8,-1.70784203086
18.9,-1.66969975149,0.0,118.9,-1.71490072265
19.0,-1.67787544371,0.0,119.0,-1.72162619163
19.1,-1.68657365434,0.0,119.1,-1.72798245598
19.2,-1.69570990435,0.0,119.2,-1.7339335339
19.3,-1.70520910128,0.0,119.3,-1.73945126571
19.4,-1.71497737955,0.0,119.4,-1.74452000716
19.5,-1.72494277554,0.0,119.5,-1.74913662938
19.6,-1.73501768137,0.0,119.6,-1.75331208337
19.7,-1.74513639115,0.0,119.7,-1.75706983551
19.8,-1.75522068354,0.0,119.8,-1.76044899648
19.9,-1.76521423921,0.0,119.9,-1.76349806348
20.0,-1.77505135223,0.0,120.0,-1.76627961356
20.1,-1.78467570327,0.0,120.1,-1.76886091708
20.2,-1.79404348839,0.0,120.2,-1.77131863091
20.3,-1.80310464594,0.0,120.3,-1.77372315424
20.4,-1.81181537198,0.0,120.4,-1.77614488627
20.5,-1.82013812028,0.0,120.5,-1.77864483961
20.6,-1.82804160231,0.0,120.6,-1.78126838264
20.7,-1.83548514299,0.0,120.7,-1.78404993273
20.8,-1.84244684034,0.0,120.8,-1.78701139185
20.9,-1.84888914814,0.0,120.9,-1.79016058213
21.0,-1.85479329327,0.0,121.0,-1.79349750359
21.1,-1.8601342449,0.0,121.1,-1.79700651194
21.2,-1.86489322993,0.0,121.2,-1.8006703985
21.3,-1.86905147522,0.0,121.3,-1.80446569688
21.4,-1.87259646538,0.0,121.4,-1.80836894068
21.5,-1.8755219427,0.0,121.5,-1.81235822793
21.6,-1.87781852061,0.0,121.6,-1.81642104322
21.7,-1.87949245683,0.0,121.7,-1.82055895097
21.8,-1.8805406225,0.0,121.8,-1.8247782089
21.9,-1.88097553303,0.0,121.9,-1.82910071896
22.0,-1.88080657498,0.0,122.0,-1.83355151199
22.1,-1.88004939262,0.0,122.1,-1.83816969864
22.2,-1.87872275906,0.0,122.2,-1.84299282515
22.3,-1.87684544741,0.0,122.3,-1.84806313102
22.4,-1.87443935965,0.0,122.4,-1.85342285577
22.5,-1.8715295266,0.0,122.5,-1.8591079812
22.6,-1.86814097908,0.0,122.6,-1.86514510257
22.7,-1.86429874791,0.0,122.7,-1.87155142857
22.8,-1.86002786391,0.0,122.8,-1.87832695918
22.9,-1.85535961562,0.0,122.9,-1.88545917901
23.0,-1.8503221627,0.0,123.0,-1.89291836396
23.1,-1.84494679368,0.0,123.1,-1.90066696778
23.2,-1.8392647971,0.0,123.2,-1.90865492883
23.3,-1.83331059033,0.0,123.3,-1.91682592777
23.4,-1.82712484845,0.0,123.4,-1.92512364525
23.5,-1.82074824656,0.0,123.5,-1.93348393978
23.6,-1.81422771744,0.0,123.6,-1.9418551853
23.7,-1.80760706504,0.0,123.7,-1.95018262688
23.8,-1.80094260869,0.0,123.8,-1.95843028271
23.9,-1.79428441005,0.0,123.9,-1.96656686427
24.0,-1.78768878847,0.0,124.0,-1.97457985615
24.1,-1.78121832099,0.0,124.1,-1.98246456507
24.2,-1.77492619812,0.0,124.2,-1.9902256843
24.3,-1.76887186806,0.0,124.3,-1.99787885811
24.4,-1.76310852131,0.0,124.4,-2.00543816634
24.5,-1.7576862195,0.0,124.5,-2.01292081768
24.6,-1.75264876659,0.0,124.6,-2.02034402081
24.7,-1.74803996649,0.0,124.7,-2.02771872673
24.8,-1.74389110775,0.0,124.8,-2.03504962871
24.9,-1.74022722119,0.0,124.9,-2.04233046905
25.0,-1.73706395107,0.0,125.0,-2.04954560347
25.1,-1.73441381279,0.0,125.1,-2.05666843675
25.2,-1.73227993522,0.0,125.2,-2.06366142263
25.3,-1.73065293179,0.0,125.3,-2.07048075719
25.4,-1.72952341595,0.0,125.4,-2.07708263648
25.5,-1.72886948573,0.0,125.5,-2.08342012771
25.6,-1.72867236801,0.0,125.6,-2.08945099137
25.7,-1.72890390311,0.0,125.7,-2.09514237451
25.8,-1.72952967366,0.0,125.8,-2.08734370905
25.9,-1.73051839113,0.0,125.9,-2.04904968031
26.0,-1.73183563813,0.0,126.0,-1.98484405758
26.1,-1.73344699729,0.0,126.1,-1.91338888304
26.2,-1.73531179353,0.0,126.2,-1.84524403469
26.3,-1.73739560946,0.0,126.3,-1.77992297596
26.4,-1.73966089884,0.0,126.4,-1.71467388083
26.5,-1.7420669866,0.0,126.5,-1.64904150124
26.6,-1.74457945536,0.0,126.6,-1.58453550864
26.7,-1.74715763002,0.0,126.7,-1.52380760573
26.8,-1.74976396436,0.0,126.8,-1.4701258792
26.9,-1.75236091213,0.0,126.9,-1.42563515761
27.0,-1.75491092712,0.0,127.0,-1.38827196256
27.1,-1.75737020538,0.0,127.1,-1.35016253614
27.2,-1.75970745838,0.0,127.2,-1.30089562083
27.3,-1.76188201103,0.0,127.3,-1.23500823975
27.4,-1.76385631711,0.0,127.4,-1.15732977709
27.5,-1.76560221695,0.0,127.5,-1.07982496577
27.6,-1.76708529315,0.0,127.6,-1.01184751105
27.7,-1.76828051489,0.0,127.7,-0.953525695901
27.8,-1.76916285137,0.0,127.8,-0.898996050276
27.9,-1.7697104006,0.0,127.9,-0.844807449601
28.0,-1.76991377603,0.0,128.0,-0.793362852782
28.1,-1.76975733339,0.0,128.1,-0.748330839663
28.2,-1.76923481498,0.0,128.2,-0.70871174179
28.3,-1.7683462208,0.0,128.3,-0.668304173026
28.4,-1.76709155085,0.0,128.4,-0.620038490596
28.5,-1.76547706284,0.0,128.5,-0.560355624502
28.6,-1.76350275675,0.0,128.6,-0.490981137033
28.7,-1.76118114802,0.0,128.7,-0.418224359748
28.8,-1.75851849433,0.0,128.8,-0.350163990431
28.9,-1.75552418226,0.0,128.9,-0.292416319759
29.0,-1.75220134064,0.0,129.0,-0.245108066268
29.1,-1.74856561375,0.0,129.1,-0.203750890697
29.2,-1.74461387274,0.0,129.2,-0.163383997019
29.3,-1.74035863301,0.0,129.3,-0.121967373245
29.4,-1.73580302341,0.0,129.4,-0.0798983836737
29.5,-1.7309501728,0.0,129.5,-0.0368000015499
29.6,-1.72580946775,0.0,129.6,0.0103784045522
29.7,-1.72038090824,0.0,129.7,0.0665334891772
29.8,-1.71467700968,0.0,129.8,0.131403993121
29.9,-1.7087102875,0.0,129.9,0.19934233718
30.0,-1.70249012824,0.0,130.0,0.263973483889
30.1,-1.69603530503,0.0,130.1,0.320827867102
30.2,-1.68936459098,0.0,130.2,0.37217390506
30.3,-1.68250614577,0.0,130.3,0.422856626235
30.4,-1.67548187136,0.0,130.4,0.474886318517
30.5,-1.66832931398,0.0,130.5,0.52869632801
30.6,-1.66107663332,0.0,130.6,0.584870185752
30.7,-1.65376137561,0.0,130.7,0.64362847586
30.8,-1.64641482936,0.0,130.8,0.704885154884
30.9,-1.63907766968,0.0,130.9,0.768757554803
31.0,-1.63178118508,0.0,131.0,0.834953127884
31.1,-1.62455979295,0.0,131.1,0.901654010683
31.2,-1.61744478181,0.0,131.2,0.965740737014
31.3,-1.61046431133,0.0,131.3,1.02476967288
31.4,-1.60364341235,0.0,131.4,1.0790615257
31.5,-1.59699772912,0.0,131.5,1.1318280628
31.6,-1.59054916362,0.0,131.6,1.18697096357
31.7,-1.5843133601,0.0,131.7,1.24652085342
31.8,-1.57829657627,0.0,131.8,1.30992705428
31.9,-1.57251132755,0.0,131.9,1.37549529238
32.0,-1.56696074278,0.0,132.0,1.44206163451
32.1,-1.56165107967,0.0,132.1,1.50917396145
32.2,-1.55657920938,0.0,132.2,1.57607196197
32.3,-1.55175138959,0.0,132.3,1.6410957797
32.4,-1.54716762032,0.0,132.4,1.70246040414
32.5,-1.54282164386,0.0,132.5,1.75967616985
32.6,-1.53871033135,0.0,132.6,1.81422928187
32.7,-1.5348336828,0.0,132.7,1.86897638276
32.8,-1.5311791828,0.0,132.8,1.92667399179
32.9,-1.52774057363,0.0,132.9,1.98859242317
33.0,-1.5245053399,0.0,133.0,2.05399796093
33.1,-1.52146096618,0.0,133.1,2.12081930456
33.2,-1.5185855505,0.0,133.2,2.18693509189
33.3,-1.51586031976,0.0,133.3,2.25106092889
33.4,-1.51326337199,0.0,133.4,2.31268524811
33.5,-1.5107665475,0.0,133.5,2.3715436615
33.6,-1.50834168662,0.0,133.6,2.42754386792
33.7,-1.50595750083,0.0,133.7,2.48130694462
33.8,-1.5035889593,0.0,133.8,2.53457409816
33.9,-1.5011985158,0.0,133.9,2.58974985188
34.0,-1.49875801066,0.0,134.0,2.64868022889
34.1,-1.4962392842,0.0,134.1,2.71158112003
34.2,-1.49362043446,0.0,134.2,2.77693503172
34.3,-1.4908701729,0.0,134.3,2.84236716473
34.4,-1.48797598411,0.0,134.4,2.90583124937
34.5,-1.48491909498,0.0,134.5,2.96634639029
34.6,-1.48169011894,0.0,134.6,3.02400175981
34.7,-1.47827341175,0.0,134.7,3.07955766913
34.8,-1.47466897339,0.0,134.8,3.13409983017
34.9,-1.47087367501,0.0,134.9,3.18892828123
35.0,-1.46688751661,0.0,135.0,3.24550888983
35.1,-1.46270736935,0.0,135.1,3.30514169428
35.2,-1.45833636206,0.0,135.2,3.36834608413
35.3,-1.45377762361,0.0,135.3,3.43436018376
35.4,-1.44902802515,0.0,135.4,3.50125192657
35.5,-1.44409069552,0.0,135.5,3.56674350779
35.6,-1.43896250587,0.0,135.6,3.62924077692
35.7,-1.43364345621,0.0,135.7,3.68845587953
35.8,-1.42813041767,0.0,135.8,3.74529461848
35.9,-1.42242026141,0.0,135.9,3.80127448735
36.0,-1.41650672973,0.0,136.0,3.85793801055
36.1,-1.41038669376,0.0,136.1,3.91650700507
36.2,-1.40406015351,0.0,136.2,3.97775116868
36.3,-1.39752398013,0.0,136.3,4.04183633058
36.4,-1.39078130246,0.0,136.4,4.10814923564
36.5,-1.38383524937,0.0,136.5,4.17527094914
36.6,-1.37668894971,0.0,136.6,4.24132415942
36.7,-1.36935804773,0.0,136.7,4.30466934765
36.8,-1.36185192999,0.0,136.8,4.36461503737
36.9,-1.35417998306,0.0,136.9,4.42172442208
37.0,-1.34636410891,0.0,137.0,4.47754159061
37.1,-1.33841995179,0.0,137.1,4.5339141305
37.2,-1.33036628483,0.0,137.2,4.59230008714
37.3,-1.32221875228,0.0,137.3,4.65339406582
37.4,-1.31399925612,0.0,137.4,4.71707091244
37.5,-1.30572031176,0.0,137.5,4.78253433398
37.6,-1.29740695002,0.0,137.6,4.84850150081
37.7,-1.28906542861,0.0,137.7,4.91347838575
37.8,-1.28071139178,0.0,137.8,4.9761367908
37.9,-1.27235735495,0.0,137.9,5.03579306164
38.0,-1.26400957583,0.0,138.0,5.09276008356
38.1,-1.25568369868,0.0,138.1,5.14832068616
38.2,-1.24738285235,0.0,138.2,5.20427865306
38.3,-1.23911955225,0.0,138.3,5.26226568097
38.4,-1.23089692724,0.0,138.4,5.32315628422
38.5,-1.22272436387,0.0,138.5,5.38683469527
38.6,-1.21461750641,0.0,138.6,5.45235287173
38.7,-1.20657948371,0.0,138.7,5.51830282987
38.8,-1.19862281118,0.0,138.8,5.58324529743
38.9,-1.19076313309,0.0,138.9,5.6460648384
39.0,-1.18300357829,0.0,139.0,5.70624988536
39.1,-1.17536604874,0.0,139.1,5.7640789062
39.2,-1.16785054445,0.0,139.2,5.8206000666
39.3,-1.16047270968,0.0,139.3,5.87736997079
39.4,-1.15323254443,0.0,139.4,5.93592801432
39.5,-1.14614256411,0.0,139.5,5.99724257712
39.6,-1.13919651102,0.0,139.6,6.06134181886
39.7,-1.13239438515,0.0,139.7,6.12732462996
39.8,-1.12572679995,0.0,139.8,6.19372514289
39.9,-1.11918749772,0.0,139.9,6.25902742851
40.0,-1.11276396303,0.0,140.0,6.32213325951
40.1,-1.10644055164,0.0,140.1,6.38264370716
40.2,-1.10019536156,0.0,140.2,6.44092797607
40.3,-1.09401274854,0.0,140.3,6.49799981455
40.4,-1.08787393945,0.0,140.4,6.55525781977
40.5,-1.08175703234,0.0,140.5,6.61407399365
40.6,-1.07564325408,0.0,140.6,6.67536821891
40.7,-1.06952008926,0.0,140.7,6.73926408522
40.8,-1.06336563591,0.0,140.8,6.80501536122
40.9,-1.05717050748,0.0,140.9,6.87125160938
41.0,-1.0509253174,0.0,141.0,6.93645690057
41.1,-1.04461755027,0.0,141.1,6.99949076795
41.2,-1.03824720608,0.0,141.2,7.05994333182
41.3,-1.03180489828,0.0,141.3,7.11822290746
41.4,-1.02529062687,0.0,141.4,7.17538861152
41.5,-1.01870126299,0.0,141.5,7.23280305938
41.6,-1.01203054894,0.0,141.6,7.29174282294
41.7,-1.00528474242,0.0,141.7,7.35302453279
41.8,-0.998451328027,0.0,141.8,7.41675926319
41.9,-0.99153343461,0.0,141.9,7.48229308391
42.0,-0.98452167561,0.0,142.0,7.54838384043
42.1,-0.977412922176,0.0,142.1,7.61360321145
42.2,-0.970197787748,0.0,142.2,7.67680760131
42.3,-0.962870014621,0.0,142.3,7.73752924651
42.4,-0.95542334509,0.0,142.4,7.79611857857
42.5,-0.947848392597,0.0,142.5,7.85360968332
42.6,-0.940142028288,0.0,142.6,7.91135422514
42.7,-0.932297994458,0.0,142.7,7.97059435857
42.8,-0.924313162255,0.0,142.8,8.03208726598
42.9,-0.916190660532,0.0,142.9,8.09589239556
43.0,-0.907930489287,0.0,143.0,8.16136989694
43.1,-0.899532648522,0.0,143.1,8.22735740131
43.2,-0.8910127825,0.0,143.2,8.29252827512
43.3,-0.882370891221,0.0,143.3,8.35580619301
43.4,-0.873619490095,0.0,143.4,8.41670618283
43.5,-0.864771094535,0.0,143.5,8.475516099
43.6,-0.855835091098,0.0,143.6,8.53319962819
43.7,-0.846820866342,0.0,143.7,8.59107088855
43.8,-0.837737806826,0.0,143.8,8.6503657769
43.9,-0.82859842796,0.0,143.9,8.71183834677
44.0,-0.819402729745,0.0,144.0,8.77554804634
44.1,-0.810163227592,0.0,144.1,8.84086284738
44.2,-0.8008799215,0.0,144.2,8.90665949173
44.3,-0.791559069175,0.0,144.3,8.97168643831
44.4,-0.782200670618,0.0,144.4,9.03493619653
44.5,-0.772806290254,0.0,144.5,9.0959582116
44.6,-0.763374363656,0.0,144.6,9.15500279174
44.7,-0.753908019679,0.0,144.7,9.21295853112
44.8,-0.744408822748,0.0,144.8,9.27106758428
44.9,-0.734879901716,0.0,144.9,9.33051891527
45.0,-0.725324385435,0.0,145.0,9.39207283531
45.1,-0.715750096038,0.0,145.1,9.45581382341
45.2,-0.706161726804,0.0,145.2,9.52112862444
45.3,-0.696567099864,0.0,145.3,9.5869315265
45.4,-0.686980295056,0.0,145.4,9.65199914817
45.5,-0.677409134512,0.0,145.5,9.71536154509
45.6,-0.667869262495,0.0,145.6,9.77659319329
45.7,-0.658373194417,0.0,145.7,9.83593188559
45.8,-0.648930316835,0.0,145.8,9.8942098968
45.9,-0.639551580734,0.0,145.9,9.9525880313
46.0,-0.630244808247,0.0,146.0,10.0121989338
46.1,-0.621014692652,0.0,146.1,10.0737810135
46.2,-0.611867491655,0.0,146.2,10.1374312649
46.3,-0.602801640828,0.0,146.3,10.202595881
46.4,-0.593817140174,0.0,146.4,10.2682266961
46.5,-0.584907731985,0.0,146.5,10.3331472617
46.6,-0.576068722983,0.0,146.6,10.3964157931
46.7,-0.56728603333,0.0,146.7,10.4576130239
46.8,-0.558551840895,0.0,146.8,10.516976747
46.9,-0.549855194693,0.0,146.9,10.5753110775
47.0,-0.541185143739,0.0,147.0,10.633733016
47.1,-0.532532301475,0.0,147.1,10.6933220165
47.2,-0.523887281343,0.0,147.2,10.7547851998
47.3,-0.515243825637,0.0,147.3,10.8182414623
47.4,-0.5065925478,0.0,147.4,10.8831776722
47.5,-0.497931883404,0.0,147.5,10.9486144984
47.6,-0.489255574745,0.0,147.6,11.0134224253
47.7,-0.480563621821,0.0,147.7,11.076684699
47.8,-0.471857589061,0.0,147.8,11.1379883108
47.9,-0.463132783184,0.0,147.9,11.1975491516
48.0,-0.45439389747,0.0,148.0,11.2561306616
48.1,-0.445634674212,0.0,148.1,11.3148060371
48.2,-0.436855113412,0.0,148.2,11.3746046707
48.3,-0.428052086217,0.0,148.3,11.4362086524
48.4,-0.41921933492,0.0,148.4,11.4997212342
48.5,-0.410350601817,0.0,148.5,11.5646668306
48.6,-0.401439629202,0.0,148.6,11.6301099146
48.7,-0.392477030516,0.0,148.7,11.6949647743
48.8,-0.383454983629,0.0,148.8,11.7583490732
48.9,-0.374365666407,0.0,148.9,11.8198404162
49.0,-0.36519656344,0.0,149.0,11.8796265344
49.1,-0.35594298145,0.0,149.1,11.938427064
49.2,-0.346598662729,0.0,149.2,11.9972682688
49.3,-0.337158914,0.0,149.3,12.0571451237
49.4,-0.327623735263,0.0,149.4,12.1187178169
49.5,-0.317994690943,0.0,149.5,12.1820958581
49.6,-0.308273345467,0.0,149.6,12.2468224348
49.7,-0.298464392114,0.0,149.7,12.3120152105
49.8,-0.288575653016,0.0,149.8,12.3766447928
49.9,-0.278611821452,0.0,149.9,12.4398632625
50.0,-0.268583848408,0.0,150.0,12.5012732553
50.1,-0.258499556013,0.0,150.1,12.5610374716
50.2,-0.248366766401,0.0,150.2,12.6198411301
50.3,-0.238191737278,0.0,150.3,12.6786729482
50.4,-0.227979161921,0.0,150.4,12.7384966127
50.5,-0.217732169184,0.0,150.5,12.7999566671
50.6,-0.207452323493,0.0,150.6,12.8631751368
50.7,-0.197138060422,0.0,150.7,12.9277296267
50.8,-0.186789379971,0.0,150.8,12.9927690886
50.9,-0.17640158886,0.0,150.9,13.0573173208
51.0,-0.165973122664,0.0,151.0,13.1205545636
51.1,-0.15550085253,0.0,151.1,13.1820865816
51.2,-0.144978520751,0.0,151.2,13.2420666887
51.3,-0.134407691755,0.0,151.3,13.3011331708
51.4,-0.123785236689,0.0,151.4,13.3602184261
51.5,-0.113112719979,0.0,151.5,13.420245466
51.6,-0.102394834904,0.0,151.6,13.4818338034
51.7,-0.0916362747433,0.0,151.7,13.5451085924
51.8,-0.0808448616288,0.0,151.8,13.6096662111
51.9,-0.0700284176924,0.0,151.9,13.6746994154
52.0,-0.0591947650659,0.0,152.0,13.7392539052
52.1,-0.0483564191603,0.0,152.1,13.8025412096
52.2,-0.0375212021074,0.0,152.2,13.864173351
52.3,-0.0266985004655,0.0,152.3,13.9242817411
52.4,-0.0158961363665,0.0,152.4,13.9834765061
52.5,-0.00512193194212,0.0,152.5,14.0426399827
52.6,0.00562254838117,0.0,152.6,14.1026607649
52.7,0.016335740177,0.0,152.7,14.1641427213
52.8,0.0270160790191,0.0,152.8,14.2272203926
52.9,0.03766669376,0.0,152.9,14.2915214453
53.0,0.048292277679,0.0,153.0,14.3562824394
53.1,0.0588990884816,0.0,153.1,14.4205991365
53.2,0.0694902550204,0.0,153.2,14.483714354
53.3,0.0800735994274,0.0,153.3,14.5452495009
53.4,0.090655379408,0.0,153.4,14.6053266025
53.5,0.101240288241,0.0,153.5,14.6645307541
53.6,0.11183145478,0.0,153.6,14.7237130037
53.7,0.122433572304,0.0,153.7,14.7837212705
53.8,0.133043511959,0.0,153.8,14.8451469076
53.9,0.143664402599,0.0,153.9,14.9081338422
54.0,0.154293115371,0.0,154.0,14.9723253851
54.1,0.164926521421,0.0,154.1,15.0369987713
54.2,0.175561491899,0.0,154.2,15.1012904375
54.3,0.186198026802,0.0,154.3,15.1644588455
54.4,0.196829868427,0.0,154.4,15.2261347908
54.5,0.207458581199,0.0,154.5,15.2864183967
54.6,0.218084165118,0.0,154.6,15.3458572122
54.7,0.22870818461,0.0,154.7,15.4052553527
54.8,0.239332204103,0.0,154.8,15.4654325776
54.9,0.249965610154,0.0,154.9,15.5269458225
55.0,0.260613096042,0.0,155.0,15.5899327571
55.1,0.271282483899,0.0,155.1,15.6540679806
55.2,0.281984724711,0.0,155.2,15.7186600167
55.3,0.292727640608,0.0,155.3,15.7828765904
55.4,0.303520618148,0.0,155.4,15.8460074522
55.5,0.314371479465,0.0,155.5,15.9076833975
55.6,0.32528335341,0.0,155.6,15.9679982919
55.7,0.336265626542,0.0,155.7,16.027468396
55.8,0.347316734434,0.0,155.8,16.0868634076
55.9,0.358438241513,0.0,155.9,16.1469749265
56.0,0.369628583352,0.0,156.0,16.208350502
56.1,0.380884631099,0.0,156.1,16.2711340611
56.2,0.392198562622,0.0,156.2,16.335028363
56.3,0.403565684641,0.0,156.3,16.3993763486
56.4,0.414976610599,0.0,156.4,16.4633895469
56.5,0.426428211643,0.0,156.5,16.526385868
56.6,0.43791266564,0.0,156.6,16.5880117517
56.7,0.449423714886,0.0,156.7,16.648348548
56.8,0.460961359379,0.0,156.8,16.7078812291
56.9,0.472520905843,0.0,156.9,16.7673482044
57.0,0.484102354275,0.0,157.0,16.8275066561
57.1,0.495707269103,0.0,157.1,16.8888884892
57.2,0.507340343606,0.0,157.2,16.9516407599
57.3,0.519006271062,0.0,157.3,17.0154724847
57.4,0.530706615899,0.0,157.4,17.0797672797
57.5,0.542449200247,0.0,157.5,17.1437617049
57.6,0.554235588534,0.0,157.6,17.2067987011
57.7,0.566070474039,0.0,157.7,17.2685215792
57.8,0.577955421187,0.0,157.8,17.3289960451
57.9,0.58989042998,0.0,157.9,17.3886789112
58.0,0.601872371563,0.0,158.0,17.4482710405
58.1,0.613898117085,0.0,158.1,17.5084951981
58.2,0.625964537693,0.0,158.2,17.5698645159
58.3,0.638062246828,0.0,158.3,17.6325260498
58.4,0.650184986785,0.0,158.4,17.6962169762
58.5,0.662323371006,0.0,158.5,17.7603459421
58.6,0.674472706212,0.0,158.6,17.8241839246
58.7,0.686622041417,0.0,158.7,17.8870988956
58.8,0.698769812196,0.0,158.8,17.9487498101
58.9,0.710908196417,0.0,158.9,18.0091898585
59.0,0.723037194079,0.0,159.0,18.0688539515
59.1,0.735153676331,0.0,159.1,18.12842105
59.2,0.747262336451,0.0,159.2,18.1885826306
59.3,0.759363174438,0.0,159.3,18.2498455673
59.4,0.771462448,0.0,159.4,18.3123537875
59.5,0.783564850414,0.0,159.5,18.3758694982
59.6,0.795673510534,0.0,159.6,18.4398326348
59.7,0.807796250491,0.0,159.7,18.5035485921
59.8,0.819936199138,0.0,159.8,18.5664072437
59.9,0.832098049755,0.0,159.9,18.6280738025
60.0,0.844280237914,0.0,160.0,18.6885952011
60.1,0.856487456895,0.0,160.1,18.7483719328
60.2,0.868713448993,0.0,160.2,18.8080485412
60.3,0.880959778633,0.0,160.3,18.868288343
60.4,0.893218623684,0.0,160.4,18.9295731817
60.5,0.905488419721,0.0,160.5,18.992056371
60.6,0.917761344609,0.0,160.6,19.0555126335
60.7,0.930032705072,0.0,160.7,19.1194006777
60.8,0.942299372255,0.0,160.8,19.1830571868
60.9,0.954558217306,0.0,160.9,19.2458876788
61.0,0.966806111373,0.0,161.0,19.3075698817
61.1,0.979044618882,0.0,161.1,19.3681319555
61.2,0.991275304259,0.0,161.2,19.4279618776
61.3,1.00350286078,0.0,161.3,19.4876635168
61.4,1.01573198173,0.0,161.4,19.5478782879
61.5,1.02797205367,0.0,161.5,19.6090786476
61.6,1.04022776987,0.0,161.6,19.6714179097
61.7,1.05251008131,0.0,161.7,19.7346833121
61.8,1.06482524571,0.0,161.8,19.7983773675
61.9,1.07717952077,0.0,161.9,19.8618617896
62.0,1.08958072863,0.0,162.0,19.9245702563
62.1,1.10203043369,0.0,162.1,19.9861804957
62.2,1.11453332926,0.0,162.2,20.0467269252
62.3,1.1270878509,0.0,162.3,20.1065662339
62.4,1.1396939986,0.0,162.4,20.1662835174
62.5,1.15234551467,0.0,162.5,20.2264951596
62.6,1.16503927026,0.0,162.6,20.2876517153
62.7,1.17776900765,0.0,162.7,20.3499127561
62.8,1.19053003356,0.0,162.8,20.4130780353
62.9,1.2033160903,0.0,162.9,20.476678225
63.0,1.21612248458,0.0,163.0,20.5400938124
63.1,1.22894452313,0.0,163.1,20.6027803771
63.2,1.24178064151,0.0,163.2,20.6644281628
63.3,1.25463083973,0.0,163.3,20.7250465558
63.4,1.26749511779,0.0,163.4,20.7849766013
63.5,1.28037660454,0.0,163.5,20.8447721061
63.6,1.29327842883,0.0,163.6,20.9050212945
63.7,1.30620684836,0.0,163.7,20.966162206
63.8,1.31916655643,0.0,163.8,21.0283512831
63.9,1.33216068188,0.0,163.9,21.0914039236
64.0,1.34519548241,0.0,164.0,21.1548664438
64.1,1.35827408688,0.0,164.1,21.218160006
64.2,1.37139805971,0.0,164.2,21.2807527052
64.3,1.38456583649,0.0,164.3,21.3423410426
64.4,1.3977774172,0.0,164.4,21.4029344048
64.5,1.41102810857,0.0,164.5,21.4628613214
64.6,1.42431478175,0.0,164.6,21.5226443108
64.7,1.4376296146,0.0,164.7,21.5828496953
64.8,1.450964785,0.0,164.8,21.6439061277
64.9,1.46431716408,0.0,164.9,21.7059669219
65.0,1.47767580087,0.0,165.0,21.7688693775
65.1,1.49103600209,0.0,165.1,21.8321848416
65.2,1.50439307446,0.0,165.2,21.8953595074
65.3,1.51774545354,0.0,165.3,21.9578802429
65.4,1.5310900105,0.0,165.4,22.0194529361
65.5,1.54442674532,0.0,165.5,22.0800807157
65.6,1.55776035129,0.0,165.6,22.1400576939
65.7,1.57109239283,0.0,165.7,22.1998938738
65.8,1.58442912765,0.0,165.8,22.260127418
65.9,1.5977736846,0.0,165.9,22.321171335
66.0,1.61113545025,0.0,166.0,22.3831820676
66.1,1.62451598901,0.0,166.1,22.4460063018
66.2,1.63792155859,0.0,166.2,22.5092279004
66.3,1.65135372342,0.0,166.3,22.572321216
66.4,1.66481404793,0.0,166.4,22.6347950187
66.5,1.67830409653,0.0,166.5,22.6963551964
66.6,1.69181917596,0.0,166.6,22.7569986203
66.7,1.70535772178,0.0,166.7,22.8170068871
66.8,1.71891504072,0.0,166.8,22.8768555824
66.9,1.73248331065,0.0,166.9,22.9370703535
67.0,1.74605940271,0.0,167.0,22.9980516934
67.1,1.75963705919,0.0,167.1,23.0599497873
67.2,1.77321158682,0.0,167.2,23.1226269654
67.3,1.78677829232,0.0,167.3,23.1857015079
67.4,1.80033561126,0.0,167.4,23.2486602828
67.5,1.81388510807,0.0,167.5,23.3110339623
67.6,1.82742521832,0.0,167.6,23.3725409495
67.7,1.84096219971,0.0,167.7,23.4331687291
67.8,1.85449918111,0.0,167.8,23.4931863825
67.9,1.86804242021,0.0,167.9,23.553050722
68.0,1.88159973915,0.0,168.0,23.6132561065
68.1,1.89517896006,0.0,168.1,23.6741967714
68.2,1.90878477622,0.0,168.2,23.7360229017
68.3,1.92242344533,0.0,168.3,23.7986093431
68.4,1.93610278953,0.0,168.4,23.8615837623
68.5,1.94982124439,0.0,168.5,23.9244643159
68.6,1.96358350318,0.0,168.6,23.9867973202
68.7,1.97738956592,0.0,168.7,24.0483011786
68.8,1.99123473931,0.0,168.8,24.1089602468
68.9,2.00511589451,0.0,168.9,24.1690217041
69.0,2.01903146709,0.0,169.0,24.2289235899
69.1,2.03297207049,0.0,169.1,24.2891446186
69.2,2.04693457586,0.0,169.2,24.3500508661
69.3,2.06091428992,0.0,169.3,24.4118050327
69.4,2.07490651939,0.0,169.4,24.4742819643
69.5,2.08890813542,0.0,169.5,24.5371374871
69.6,2.10291913801,0.0,169.6,24.5999085309
69.7,2.11693952716,0.0,169.7,24.6621507985
69.8,2.13097086729,0.0,169.8,24.7236045953
69.9,2.14501628726,0.0,169.9,24.7842480191
70.0,2.15908048034,0.0,170.0,24.8443157341
70.1,2.17316813982,0.0,170.1,24.9042176199
70.2,2.1872855234,0.0,170.2,24.9644136179
70.3,2.20143888879,0.0,170.3,25.0252698037
70.4,2.21562980041,0.0,170.4,25.0869363625
70.5,2.22986451597,0.0,170.5,25.1493069131
70.6,2.24414147104,0.0,170.6,25.212052926
70.7,2.25846066563,0.0,170.7,25.274733233
70.8,2.27282366415,0.0,170.8,25.336925439
70.9,2.28722264448,0.0,170.9,25.3983667203
71.0,2.30165604218,0.0,171.0,25.4590257885
71.1,2.31611447071,0.0,171.1,25.5191279209
71.2,2.33059480121,0.0,171.2,25.579064224
71.3,2.34508764713,0.0,171.3,25.6392789951
71.4,2.35958675074,0.0,171.4,25.7001164078
71.5,2.37408741878,0.0,171.5,25.7617297761
71.6,2.3885865224,0.0,171.6,25.8240189765
71.7,2.40307936831,0.0,171.7,25.8866742527
71.8,2.41756595652,0.0,171.8,25.9492732096
71.9,2.43204785144,0.0,171.9,26.0114059674
72.0,2.44652818194,0.0,172.0,26.072819089
72.1,2.46101007687,0.0,172.1,26.133481286
72.2,2.4754982295,0.0,172.2,26.1935990626
72.3,2.48999733312,0.0,172.3,26.2535478812
72.4,2.50451364542,0.0,172.4,26.313747008
72.5,2.5190518597,0.0,172.5,26.3745437457
72.6,2.53361354037,0.0,172.6,26.4360788926
72.7,2.54820494514,0.0,172.7,26.4982679697
72.8,2.56282607401,0.0,172.8,26.5608137361
72.9,2.57747692699,0.0,172.9,26.6233188274
73.0,2.59215437521,0.0,173.0,26.6853890081
73.1,2.6068537254,0.0,173.1,26.7467739701
73.2,2.62157184871,0.0,173.2,26.8074455537
73.3,2.63630405186,0.0,173.3,26.8675883611
73.4,2.65104251271,0.0,173.4,26.9275653394
73.5,2.66578566684,0.0,173.5,26.9877769816
73.6,2.68052882097,0.0,173.6,27.0485549461
73.7,2.69526571739,0.0,173.7,27.1100431602
73.8,2.70999635611,0.0,173.8,27.1721634026
73.9,2.7247191727,0.0,173.9,27.2346372054
74.0,2.73943573158,0.0,174.0,27.2970765907
74.1,2.75414916161,0.0,174.1,27.3591060964
74.2,2.76886415607,0.0,174.2,27.4204848007
74.3,2.78358853708,0.0,174.3,27.4811688996
74.4,2.79832543351,0.0,174.4,27.5413461245
74.5,2.8130842319,0.0,174.5,27.6013512624
74.6,2.82786649669,0.0,174.6,27.6615691623
74.7,2.84268161443,0.0,174.7,27.7223252249
74.8,2.85753114956,0.0,174.8,27.7837571197
74.9,2.87241979534,0.0,174.9,27.8457960119
75.0,2.88734598735,0.0,175.0,27.9081790779
75.1,2.90231129003,0.0,175.1,27.9705339842
75.2,2.91731257451,0.0,175.2,28.0325071705
75.3,2.93234671195,0.0,175.3,28.093860844
75.4,2.94740744463,0.0,175.4,28.1545543295
75.5,2.96249007928,0.0,175.5,28.2147534563
75.6,2.97759148705,0.0,175.6,28.2747836251
75.7,2.99270697466,0.0,175.7,28.3350140404
75.8,3.00783184883,0.0,175.8,28.3957513299
75.9,3.02296454512,0.0,175.9,28.4571425495
76.0,3.03810349912,0.0,176.0,28.5191251224
76.1,3.05325027526,0.0,176.1,28.5814424825
76.2,3.06840643795,0.0,176.2,28.6437473272
76.3,3.08357668048,0.0,176.3,28.7056923538
76.4,3.0987641317,0.0,176.4,28.7670428984
76.5,3.11397504932,0.0,176.5,28.8277551571
76.6,3.12921569103,0.0,176.6,28.887994959
76.7,3.14449075013,0.0,176.7,28.948062674
76.8,3.15980491989,0.0,176.8,29.0083149912
76.9,3.1751582003,0.0,176.9,29.0690491519
77.0,3.19055528466,0.0,177.0,29.1304028253
77.1,3.20599460852,0.0,177.1,29.1923228211
77.2,3.2214761719,0.0,177.2,29.2545744753
77.3,3.23699528151,0.0,177.3,29.316816743
77.4,3.2525488085,0.0,177.4,29.3787210945
77.5,3.26812893074,0.0,177.5,29.4400559948
77.6,3.28373095495,0.0,177.6,29.5007838978
77.7,3.29934705899,0.0,177.7,29.5610487305
77.8,3.3149725496,0.0,177.8,29.6211446051
77.9,3.33060116906,0.0,177.9,29.6814125667
78.0,3.34623135294,0.0,178.0,29.7421373407
78.1,3.36185840797,0.0,178.1,29.8034565968
78.2,3.37748389857,0.0,178.2,29.8653234021
78.3,3.39310782475,0.0,178.3,29.9275124793
78.4,3.40873175093,0.0,178.4,29.9897078141
78.5,3.42436037039,0.0,178.5,30.0515808771
78.6,3.43999681197,0.0,178.6,30.1129189063
78.7,3.4556473334,0.0,178.7,30.1736749689
78.8,3.47131819237,0.0,178.8,30.2339836056
78.9,3.48701095331,0.0,178.9,30.2941201553
79.0,3.50273187392,0.0,179.0,30.3544162765
79.1,3.51848095421,0.0,179.1,30.4151441794
79.2,3.53425819417,0.0,179.2,30.4764446624
79.3,3.55006515823,0.0,179.3,30.5382676638
79.4,3.56589715312,0.0,179.4,30.6004066793
79.5,3.58175104997,0.0,179.5,30.6625550813
79.6,3.59762371994,0.0,179.6,30.7244031135
79.7,3.61350890533,0.0,179.7,30.7857411427
79.8,3.62940034841,0.0,179.8,30.8465159784
79.9,3.64529335593,0.0,179.9,30.9068559036
80.0,3.66118323459,0.0,180.0,30.9670299996
80.1,3.67706841997,0.0,180.1,31.0273448939
80.2,3.69294578322,0.0,180.2,31.0880727968
80.3,3.70881688876,0.0,180.3,31.1493451201
80.4,3.72468330103,0.0,180.4,31.2111211887
80.5,3.74054658444,0.0,180.5,31.2732038848
80.6,3.75641299671,0.0,180.6,31.3353022252
80.7,3.77228566668,0.0,180.7,31.3971252266
80.8,3.78817398091,0.0,180.8,31.4584632558
80.9,3.80408106826,0.0,180.9,31.5192662512
81.0,3.82001475086,0.0,181.0,31.5796468514
81.1,3.83597815756,0.0,181.1,31.6398616225
81.2,3.85197441722,0.0,181.2,31.7002078054
81.3,3.86800665868,0.0,181.3,31.7609450949
81.4,3.88407488195,0.0,181.4,31.8222049027
81.5,3.90017752259,0.0,181.5,31.8839496828
81.6,3.91631145177,0.0,181.6,31.9459979615
81.7,3.93247354062,0.0,181.7,32.0080650134
81.8,3.94865909586,0.0,181.8,32.0698692417
81.9,3.96486342423,0.0,181.9,32.1312072709
82.0,3.98108339685,0.0,182.0,32.1920290394
82.1,3.99731119161,0.0,182.1,32.2524503147
82.2,4.0135468085,0.0,182.2,32.312702632
82.3,4.02978711867,0.0,182.3,32.3730738457
82.4,4.04603368654,0.0,182.4,32.4338111352
82.5,4.06228494769,0.0,182.5,32.4950490411
82.6,4.0785455954,0.0,182.6,32.5567531461
82.7,4.09482032295,0.0,182.7,32.618754492
82.8,4.11111382362,0.0,182.8,32.6807808688
82.9,4.12742922625,0.0,182.9,32.7425569374
83.0,4.14377435299,0.0,183.0,32.8038949666
83.1,4.1601538971,0.0,183.1,32.8647386371
83.2,4.17657098745,0.0,183.2,32.9251912009
83.3,4.19303031731,0.0,183.3,32.9854810645
83.4,4.20953188668,0.0,183.4,33.045877309
83.5,4.22607569557,0.0,183.5,33.1066271139
83.6,4.24266174397,0.0,183.6,33.1678493755
83.7,4.25928377417,0.0,183.7,33.2295253208
83.8,4.27594022175,0.0,183.8,33.2914859917
83.9,4.29262170016,0.0,183.9,33.35348108
84.0,4.30932664496,0.0,184.0,33.4152446331
84.1,4.32604723402,0.0,184.1,33.4765857912
84.2,4.34277720964,0.0,184.2,33.5374544925
84.3,4.3595150074,0.0,184.3,33.5979446026
84.4,4.37625436958,0.0,184.4,33.6582688835
84.5,4.39299529619,0.0,184.5,33.7186932877
84.6,4.40973778722,0.0,184.6,33.7794462214
84.7,4.42648184268,0.0,184.7,33.8406559676
84.8,4.44323215585,0.0,184.8,33.9022974955
84.9,4.45999029114,0.0,184.9,33.9642174914
85.0,4.47676250628,0.0,185.0,34.0261719045
85.1,4.49355349453,0.0,185.1,34.0879104269
85.2,4.51036638475,0.0,185.2,34.1492484561
85.3,4.52720743465,0.0,185.3,34.2101328016
85.4,4.54407664422,0.0,185.4,34.2706510714
85.5,4.56097714231,0.0,185.5,34.3310097697
85.6,4.57790736451,0.0,185.6,34.391452947
85.7,4.59486731081,0.0,185.7,34.4522090096
85.8,4.61185385236,0.0,185.8,34.5134031116
85.9,4.6288638603,0.0,185.9,34.5750102221
86.0,4.64588951251,0.0,186.0,34.636886414
86.1,4.6629261157,0.0,186.1,34.6988064098
86.2,4.6799689766,0.0,186.2,34.7605324167
86.3,4.69701340192,0.0,186.3,34.8218767036
86.4,4.71405469839,0.0,186.4,34.8827829511
86.5,4.73109130159,0.0,186.5,34.9433325094
86.6,4.74812008264,0.0,186.6,35.0037193674
86.7,4.765142606,0.0,186.7,35.0641938332
86.8,4.78216043607,0.0,186.8,35.1249561535
86.9,4.79917826615,0.0,186.9,35.1861377401
87.0,4.81619766065,0.0,187.0,35.2477198198
87.1,4.83322487728,0.0,187.1,35.3095709808
87.2,4.85026773818,0.0,187.2,35.3714534304
87.3,4.8673293722,0.0,187.3,35.4331481488
87.4,4.88441603703,0.0,187.4,35.494486178
87.5,4.90153242597,0.0,187.5,35.5553986832
87.6,4.91867853901,0.0,187.6,35.6159732723
87.7,4.935857505,0.0,187.7,35.6763914188
87.8,4.95306932394,0.0,187.8,35.7368784001
87.9,4.97031086699,0.0,187.9,35.7976469781
88.0,4.98758056971,0.0,188.0,35.8588035338
88.1,5.00487530325,0.0,188.1,35.920354325
88.2,5.02218880991,0.0,188.2,35.9821616821
88.3,5.03951483198,0.0,188.3,36.0440128432
88.4,5.05685336947,0.0,188.4,36.1056887884
88.5,5.07419660023,0.0,188.5,36.1670205599
88.6,5.09154452427,0.0,188.6,36.2279518383
88.7,5.10889557716,0.0,188.7,36.2885577159
88.8,5.1262497589,0.0,188.8,36.3490008932
88.9,5.14360863393,0.0,188.9,36.4095129053
89.0,5.16097533108,0.0,189.0,36.470287741
89.1,5.17835454365,0.0,189.1,36.531438039
89.2,5.19575252933,0.0,189.2,36.5929575417
89.3,5.21317241699,0.0,189.3,36.6547336103
89.4,5.23062202874,0.0,189.4,36.7165534828
89.5,5.24810449345,0.0,189.5,36.7782043973
89.6,5.26562450439,0.0,189.6,36.8395299111
89.7,5.28318519042,0.0,189.7,36.9004737048
89.8,5.30078655153,0.0,189.8,36.9610983556
89.9,5.31843015215,0.0,189.9,37.0215665637
90.0,5.33611129901,0.0,190.0,37.0820910912
90.1,5.3538299921,0.0,190.1,37.1428659269
90.2,5.37157840929,0.0,190.2,37.2039974518
90.3,5.38935342173,0.0,190.3,37.2654919236
90.4,5.40715033614,0.0,190.4,37.3272241883
90.5,5.42496133038,0.0,190.5,37.3890065146
90.6,5.44278327561,0.0,190.6,37.4506386559
90.7,5.46061304298,0.0,190.7,37.511957912
90.8,5.47844750362,0.0,190.8,37.5729142212
90.9,5.49628665754,0.0,190.9,37.633557645
91.0,5.51412894031,0.0,191.0,37.694050884
91.1,5.53197904522,0.0,191.1,37.7546004423
91.2,5.54983853668,0.0,191.2,37.815375278
91.3,5.56771054355,0.0,191.3,37.8765005452
91.4,5.58560132355,0.0,191.4,37.9379574708
91.5,5.60351556993,0.0,191.5,37.9996584469
91.6,5.62145641157,0.0,191.6,38.0614157424
91.7,5.6394269773,0.0,191.7,38.1230291106
91.8,5.65743039599,0.0,191.8,38.1843483667
91.9,5.67546666764,0.0,191.9,38.2453109336
92.0,5.69353735666,0.0,192.0,38.3059793883
92.1,5.71163776978,0.0,192.1,38.3664914004
92.2,5.72976634258,0.0,192.2,38.4270534741
92.3,5.74791681735,0.0,192.3,38.4878345675
92.4,5.76608293638,0.0,192.4,38.5489473193
92.5,5.78425844198,0.0,192.5,38.6103854718
92.6,5.80243707642,0.0,192.6,38.6720551593
92.7,5.82061258201,0.0,192.7,38.7337749086
92.8,5.83878495875,0.0,192.8,38.795363246
92.9,5.85695264221,0.0,192.9,38.8566699867
93.0,5.87511563239,0.0,193.0,38.9176450689
93.1,5.89327236486,0.0,193.1,38.9783322968
93.2,5.91142909733,0.0,193.2,39.0388693397
93.3,5.92958582981,0.0,193.3,39.0994439288
93.4,5.94775194884,0.0,193.4,39.1602312799
93.5,5.96593214771,0.0,193.5,39.2213252586
93.6,5.98413424855,0.0,193.6,39.2827446379
93.7,6.00236450906,0.0,193.7,39.344383037
93.8,6.0206260581,0.0,193.8,39.4060777554
93.9,6.03891889567,0.0,193.9,39.4676473197
94.0,6.05724458619,0.0,194.0,39.5289478027
94.1,6.07559843639,0.0,194.1,39.5899291426
94.2,6.09398044626,0.0,194.2,39.6506351436
94.3,6.11238748696,0.0,194.3,39.7111972173
94.4,6.13081799405,0.0,194.4,39.7717905795
94.5,6.1492641454,0.0,194.5,39.8325779307
94.6,6.16772124774,0.0,194.6,39.8936656516
94.7,6.18618304335,0.0,194.7,39.9550600002
94.8,6.20464327454,0.0,194.8,40.0166671107
94.9,6.22310194131,0.0,194.9,40.0783367983
95.0,6.24155591479,0.0,195.0,40.1398813318
95.1,6.2600114527,0.0,195.1,40.2011818147
95.2,6.27846699061,0.0,195.2,40.2621694124
95.3,6.29693035066,0.0,195.3,40.3228941865
95.4,6.31540309726,0.0,195.4,40.3834750333
95.5,6.33389148812,0.0,195.5,40.444080911
95.6,6.35240021653,0.0,195.6,40.5048745198
95.7,6.37093397576,0.0,195.7,40.5659497254
95.8,6.38950215237,0.0,195.8,40.6273253008
95.9,6.40810787521,0.0,195.9,40.6889011228
96.0,6.42675583757,0.0,196.0,40.7505457796
96.1,6.44544603944,0.0,196.1,40.8120777976
96.2,6.46417535196,0.0,196.2,40.8733720229
96.3,6.48294221072,0.0,196.3,40.9343658783
96.4,6.50174035801,0.0,196.4,40.9951094254
96.5,6.52056979382,0.0,196.5,41.0557090454
96.6,6.5394211316,0.0,196.6,41.1163336962
96.7,6.55829437136,0.0,196.7,41.1771335627
96.8,6.57718012652,0.0,196.8,41.2381962528
96.9,6.59607526824,0.0,196.9,41.2995467974
97.0,6.61497666767,0.0,197.0,41.3610975886
97.1,6.6338780671,0.0,197.1,41.4227172146
97.2,6.65278259538,0.0,197.2,41.4842304595
97.3,6.67169181694,0.0,197.3,41.5455184271
97.4,6.6906072962,0.0,197.4,41.6065247979
97.5,6.70953841973,0.0,197.5,41.6672808605
97.6,6.72848518752,0.0,197.6,41.7279055112
97.7,6.74745385728,0.0,197.7,41.7885426774
97.8,6.76644755786,0.0,197.8,41.8493488016
97.9,6.7854741114,0.0,197.9,41.9104114918
98.0,6.80453351789,0.0,198.0,41.971749521
98.1,6.82363203504,0.0,198.1,42.0332752814
98.2,6.84276809843,0.0,198.2,42.0948636188
98.3,6.86194327247,0.0,198.3,42.1563643483
98.4,6.88115442832,0.0,198.4,42.2176460582
98.5,6.90039530827,0.0,198.5,42.2786649444
98.6,6.91966121904,0.0,198.6,42.3394335224
98.7,6.9389443385,0.0,198.7,42.4000769462
98.8,6.9582415378,0.0,198.8,42.4607266278
98.9,6.97754655923,0.0,198.9,42.5215390098
99.0,6.99685627394,0.0,199.0,42.5825954422
99.1,7.01616442423,0.0,199.1,42.6439084406
99.2,7.03547101008,0.0,199.2,42.7054154278
99.3,7.05477133824,0.0,199.3,42.7669849921
99.4,7.07406697311,0.0,199.4,42.8284669486
99.5,7.09336104355,0.0,199.5,42.8897424007
99.6,7.11265824285,0.0,199.6,42.9507612869
99.7,7.13196326429,0.0,199.7,43.0115548957
99.8,7.15128392998,0.0,199.8,43.072210835
99.9,7.17062180437,0.0,199.9,43.1328855474
100.0,7.18998314515,0.0,200.0,43.1936979294
